lon,lat,vege,Landscape_,Climate_Fl,Terr_Resil,Resilience,climflow_p
-112.95,52.77,Prairies,-9999,-9999,-9999,-9999,-9999
-113,52.5833,Prairies,-9999,-9999,-9999,-9999,-9999
-107.35,52.43,Prairies,-9999,-9999,-9999,-9999,-9999
-106.82,52.35,Prairies,10930,100,325,3,-9999
-111.85,52.2,Prairies,8819,1346,-385,3,7
-110.717,52.083,Prairies,9029,683,9,3,-9999
-110.7167,52.0833,Prairies,9018,683,5,3,-9999
-113.25,51.95,Prairies,-9999,-9999,-9999,-9999,-9999
-110.42,51.73,Prairies,11056,-688,724,4,-9999
-111.92,51.63,Prairies,8927,-851,-674,2,-9999
-106.38,51.52,Prairies,11358,-1048,354,3,-9999
-111.05,51.48,Prairies,10435,-390,-165,3,-9999
-112.25,51.4,Prairies,11091,769,1278,5,4
-113.42,51.38,Prairies,8563,-1183,-1732,9,-9999
-112.167,51.367,Prairies,11914,1234,1967,5,6
-105.383,51.311,Prairies,11272,292,801,4,-9999
-105.21,51.08,Prairies,8772,-1051,-689,2,-9999
-113.48,51.05,Prairies,9048,-1111,-1004,9,-9999
-113,51,Prairies,9188,-1332,-579,2,-9999
-105.63,50.9,Prairies,11805,763,1277,5,6
-107.933,50.874,Prairies,-9999,-9999,-9999,-9999,-9999
-112.67,50.83,Prairies,10306,-894,-202,3,-9999
-104,50.78,Prairies,-9999,-9999,-9999,-9999,-9999
-103.89,50.78,Prairies,-9999,-9999,-9999,-9999,-9999
-112.23,50.7,Prairies,9878,-1112,-735,2,-9999
-103.59,50.65,Prairies,-9999,-9999,-9999,-9999,-9999
-112.1667,50.6167,Prairies,9774,-839,-487,3,-9999
-105.41,50.59,Prairies,11819,258,1378,5,6
-113.25,50.58,Prairies,11255,-1173,234,3,-9999
-111.9167,50.5833,Prairies,10105,126,-608,2,-9999
-97.63,50.48,Deciduous,-9999,-9999,-9999,-9999,5
-96.57,50.47,-99,9674,-122,-312,3,5
-111.57,50.45,Prairies,9862,-1542,-854,2,-9999
-113.5,50.1667,Prairies,10468,-197,547,4,-9999
-113.53,50.1,Prairies,10385,-1105,25,3,-9999
-110.62,50.03,Prairies,8503,-746,-1551,9,-9999
-97.52,49.94,Prairies,9275,-1027,-501,2,-9999
-111.083,49.917,Prairies,7798,-979,-2447,8,-9999
-113.08,49.83,Prairies,10403,-1098,-75,3,-9999
-112.417,49.8,Prairies,8103,-1033,-1862,9,-9999
-113.38,49.73,Prairies,8941,289,-252,3,-9999
-95.25,49.683,Boreal,11272,910,972,4,4
-110.12,49.65,Prairies,10416,1759,1223,5,4
-109.73,49.65,Prairies,12174,1503,1876,5,4
-87.25,49.65,Boreal,-9999,-9999,-9999,-9999,-9999
-93.733,49.65,Conifer/Hardwood,-9999,-9999,-9999,-9999,-9999
-112.18,49.6,Prairies,-9999,-311,-9999,-9999,-9999
-93.75,49.583,Conifer/Hardwood,-9999,-171,-9999,-9999,-9999
-114.25,49.567,Prairies,-9999,147,-9999,-9999,-9999
-92.35,49.55,Conifer/Hardwood,-9999,-9999,-9999,-9999,-9999
-98.54,49.54,Prairies,-9999,-9999,-9999,-9999,-9999
-113.93,49.52,Prairies,9206,-1421,-479,3,-9999
-110.6,49.48,Prairies,11208,849,1101,5,4
-92,49.48,Conifer/Hardwood,-9999,-9999,-9999,-9999,-9999
-111.45,49.47,Prairies,8279,-1080,-1929,9,-9999
-91.32,49.47,Conifer/Hardwood,-9999,-9999,-9999,-9999,-9999
-122.9333,49.45,Coastal,-9999,-9999,-9999,-9999,-9999
-113.52,49.45,Prairies,9120,-1007,-514,2,-9999
-96.38,49.43,Deciduous,6499,-449,-3501,1,-9999
-122.95,49.4167,Coastal,-9999,-9999,-9999,-9999,-9999
-121.7,49.4167,Coastal,-9999,-9999,-9999,-9999,-9999
-121.75,49.3667,Coastal,-9999,-9999,-9999,-9999,-9999
-92.7,49.35,Conifer/Hardwood,-9999,-9999,-9999,-9999,-9999
-122.561,49.325,Coastal,-9999,-9999,-9999,-9999,-9999
-119.72,49.32,Mountain,-9999,-948,-9999,-9999,-9999
-122.547,49.308,Coastal,-9999,-9999,-9999,-9999,-9999
-122.6,49.3,Coastal,-9999,-9999,-9999,-9999,-9999
-122.65,49.28,Coastal,-9999,-9999,-9999,-9999,-9999
-119.57,49.27,Mountain,-9999,737,-9999,-9999,-9999
-91.2,49.25,Conifer/Hardwood,11087,745,918,4,3
-119.5,49.24,Mountain,-9999,569,-9999,-9999,-9999
-95.317,49.2,Deciduous,-9999,-9999,-9999,-9999,5
-115.17,49.17,Mountain,-9999,1107,-9999,-9999,-9999
-113.53,49.15,Mountain,11072,246,1326,5,5
-119.65,49.03,Mountain,-9999,682,-9999,-9999,-9999
-119.55,49.03,Mountain,-9999,422,-9999,-9999,-9999
-100.05,49.02,Prairies,-9999,840,-9999,-9999,-9999
-65.95,49,Conifer/Hardwood,10587,866.5120239,1659,5,4
-65.95,49,Conifer/Hardwood,10587,866.5120239,1659,5,4
-121.75,49,Coastal,-9999,1500,-9999,-9999,-9999
-121.7667,49,Coastal,-9999,1500,-9999,-9999,-9999
-65.533,48.983,Boreal,6499,-1950.469971,-3501,1,-9999
-122.37,48.98,Coastal,30520,-1145,-520,2,3
-121.7833,48.95,Coastal,29480,601,520,4,4
-110.983,48.95,Prairies,10400,-561,-113,3,-9999
-111.117,48.917,Prairies,9941,1945,267,3,6
-111.12,48.92,Prairies,9936,1745,237,3,6
-108.133,48.917,Prairies,9004,942,-358,3,6
-66.125,48.911,Conifer/Hardwood,-9999,-9999,-9999,-9999,3
-66.183,48.9,Conifer/Hardwood,9733,861.6290283,1300,5,3
-66.183,48.9,Conifer/Hardwood,9733,861.6290283,1300,5,3
-66.183,48.9,Conifer/Hardwood,9733,861.6290283,1300,5,3
-109.867,48.9,Prairies,8675,-526,-915,2,-9999
-121.7667,48.8833,Coastal,30000,543,520,4,4
-111.267,48.883,Prairies,11346,1235,954,4,-9999
-111.033,48.883,Prairies,9827,-284,-323,3,-9999
-110.883,48.883,Prairies,7154,-1259,-2887,8,-9999
-110.5,48.883,Prairies,9072,-1227,-1272,9,-9999
-106.8,48.883,Prairies,10420,1064,1254,5,4
-106.533,48.883,Prairies,12716,1409,1731,5,4
-108.95,48.867,Prairies,10657,1479,1147,5,4
-108.667,48.867,Prairies,8911,-1226,-1706,9,-9999
-108.467,48.867,Prairies,7847,-1300,-2196,8,-9999
-106.233,48.867,Prairies,9798,-866,-450,3,-9999
-121.7667,48.85,Coastal,30520,528,1280,5,4
-113.45,48.85,Mountain,31280,1181,-3503,7,-9999
-113.3,48.85,Mountain,9984,1700,-3503,7,4
-113.25,48.85,Mountain,12011,1020,-3503,7,6
-113.567,48.833,Mountain,29480,1604,520,4,4
-113.367,48.833,Mountain,28720,1587,-3503,7,4
-107.783,48.833,Prairies,9977,1123,493,3,4
-66.033,48.8,Boreal,11879,1172.75,1620,5,4
-113.65,48.8,Mountain,31280,2194,1280,5,4
-107.083,48.8,Prairies,10054,1489,1015,5,5
-122.1178,48.7692,-99,29480,1500,0,3,3
-113.167,48.767,Mountain,12991,535,-3503,7,3
-120.7,48.75,Mountain,29480,716,520,4,4
-120.1,48.75,Mountain,30000,511,520,4,2
-111.917,48.75,Prairies,12298,-766,858,4,-9999
-111.7,48.75,Prairies,8110,108,-1640,9,-9999
-111.417,48.75,Prairies,9838,-567,-273,3,7
-109.617,48.75,Prairies,8434,-1120,-1765,9,-9999
-107.583,48.75,Prairies,9214,1462,-751,2,-9999
-120.68,48.73,Mountain,31280,710,1280,5,4
-112.183,48.733,Prairies,9010,-975,-665,2,-9999
-107.283,48.733,Prairies,8761,1176,-448,3,1
-113.117,48.717,Mountain,9963,922,-3503,7,6
-120.68,48.71,Mountain,30520,714,1280,5,4
-66.033,48.7,Boreal,11027,2152.699951,1330,5,4
-120.5,48.7,Mountain,31280,1500,1280,5,3
-119.95,48.68,Mountain,30000,854,1280,5,3
-65.167,48.667,Boreal,9975,157.8769989,825,4,3
-119.62,48.63,Mountain,29480,1453,0,3,4
-113.017,48.617,Mountain,10060,1724,-3503,7,4
-121.15,48.6,Coastal,31280,1500,1280,5,4
-112.75,48.583,Prairies,9214,-681,-3503,7,-9999
-88.74,48.56,Conifer/Hardwood,6499,1346,-3501,1,6
-119.93,48.55,Mountain,29480,398,520,4,2
-119.93,48.55,Mountain,29480,398,520,4,2
-113.117,48.55,Mountain,12292,1505,-3503,7,4
-112.717,48.55,Prairies,12968,981,-3503,7,4
-112.967,48.533,Prairies,12396,1100,-3503,7,4
-120.65,48.52,Mountain,30520,247,520,4,-9999
-120.75,48.5,Mountain,31280,775,1280,5,4
-120.7,48.5,Mountain,29480,1500,520,4,4
-120.5,48.5,Mountain,30520,693,1280,5,4
-120.1,48.5,Mountain,30000,396,520,4,4
-121.55,48.45,Coastal,31280,855,0,3,4
-89.324,48.422,Conifer/Hardwood,-9999,-1635,-9999,-9999,-9999
-122.5,48.4,Coastal,28720,-1222,-3503,7,5
-88.8,48.33,-99,-9999,-9999,-9999,-9999,5
-124.63,48.25,Coastal,30520,1500,520,4,4
-119.5,48.25,Mountain,30520,-494,-3503,7,-9999
-65.839,48.238,Boreal,-9999,-9999,-9999,-9999,1
-121.617,48.233,Coastal,31280,1229,1280,5,4
-92.158,48.233,Conifer/Hardwood,10395,994,1690,5,4
-84.93,48.21,Conifer/Hardwood,10629,1701,1543,5,7
-64.94,48.198,Boreal,-9999,559.7769775,-9999,-9999,-9999
-118.7,48.2,Mountain,31280,1500,-3503,7,3
-118.55,48.18,Mountain,29480,541,-3503,7,2
-92.183,48.183,Conifer/Hardwood,13020,1452,3098,10,4
-92.107,48.165,Conifer/Hardwood,-9999,-9999,-9999,-9999,5
-92.017,48.108,Conifer/Hardwood,10688,1484,1328,5,4
-92.017,48.108,Conifer/Hardwood,10688,1484,1328,5,4
-92.017,48.108,Conifer/Hardwood,10688,1484,1328,5,4
-123.1,48.1,Coastal,28720,-1577,-1280,9,-9999
-99.917,48.083,Prairies,12912,678,2120,10,7
-90.32,48.08,Conifer/Hardwood,13500,1528,3282,10,4
-98.9397,48.0736, ,-9999,-9999,-9999,-9999,-9999
-90.42,48.05,Conifer/Hardwood,11573,1179,1300,5,5
-90.48,48.05,Conifer/Hardwood,13007,1219,2023,10,6
-90.43,48.05,Conifer/Hardwood,10121,1236,271,3,4
-90.47,48.05,Conifer/Hardwood,11631,64,1223,5,5
-91.9,48.033,Conifer/Hardwood,11428,1275,1586,5,6
-98.75,48.017,Prairies,-9999,-9999,-9999,-9999,-9999
-98.8883,48.0092, ,-9999,-9999,-9999,-9999,-9999
-93.383,47.983,Conifer/Hardwood,-9999,-9999,-9999,-9999,5
-102.7,47.967,Prairies,9811,1008,-3503,7,-9999
-102.033,47.967,Prairies,12437,505,-3503,7,6
-101.733,47.967,Prairies,12341,739,1389,5,-9999
-99.0961,47.9667, ,-9999,-9999,-9999,7,-9999
-90.933,47.958,Conifer/Hardwood,12804,-748,3500,10,-9999
-119.1,47.95,Mountain,30000,131,1280,5,5
-98.8194,47.9461, ,-9999,-9999,-9999,7,-9999
-91.995,47.924,Conifer/Hardwood,-9999,-9999,-9999,-9999,-9999
-66.62,47.92,Conifer/Hardwood,8401,59.4910011,-1024,9,-9999
-67.75,47.92,Conifer/Hardwood,10743,1293.550049,802,4,-9999
-91.867,47.917,Conifer/Hardwood,-9999,-9999,-9999,-9999,-9999
-98.4361,47.9094, ,-9999,-9999,-9999,-9999,-9999
-123.8,47.9,Coastal,30520,534,1280,5,4
-123.8,47.9,Coastal,30520,534,1280,5,4
-123.8,47.9,Coastal,30520,534,1280,5,4
-123.8,47.9,Coastal,30520,534,1280,5,4
-119.35,47.9,Mountain,30000,63,520,4,5
-84.867,47.9,Conifer/Hardwood,-9999,-9999,-9999,-9999,-9999
-84.867,47.883,Conifer/Hardwood,11868,4,1359,5,-9999
-119.58,47.88,Mountain,28720,-1311,0,3,-9999
-119.37,47.88,Mountain,30520,-833,0,3,-9999
-117.43,47.88,Mountain,31280,1178,-1280,9,3
-83.75,47.87,Conifer/Hardwood,-9999,-9999,-9999,-9999,-9999
-98.7972,47.8461, ,-9999,-9999,-9999,7,-9999
-66.18,47.83,Conifer/Hardwood,10662,326.3710022,1046,5,1
-119.73,47.83,Mountain,28720,-1288,0,3,-9999
-120.7,47.8,Mountain,31280,1708,0,3,4
-103.167,47.8,Prairies,10444,675,85,3,-9999
-120.7,47.75,Mountain,29480,1522,520,4,4
-119.6,47.75,Mountain,29480,-142,520,4,5
-84.5,47.75,Conifer/Hardwood,9650,901,180,3,7
-119.8,47.73,Mountain,29480,-1122,0,3,-9999
-117.6,47.73,Mountain,30000,322,0,3,4
-91.642,47.708,Conifer/Hardwood,12444,-676,1481,5,-9999
-120.7,47.7,Mountain,31280,1024,1280,5,4
-118.7,47.7,Mountain,28720,-1487,-1280,9,-9999
-117.35,47.7,Mountain,6499,-1600,-3501,1,-9999
-120.7,47.65,Mountain,30520,1553,520,4,5
-120.02,47.65,Mountain,28720,-699,-520,2,-9999
-110.482,47.635,Prairies,-9999,-1520,-9999,-9999,6
-118.86,47.63,Mountain,28720,-1376,-1280,9,-9999
-117.53,47.63,Mountain,6499,-1304,-3501,1,-9999
-65.42,47.62,Conifer/Hardwood,8197,1606.099976,-697,2,5
-123.6,47.6,Coastal,30520,640,1280,5,4
-120.68,47.6,Mountain,31280,1431,-520,2,-9999
-119.67,47.6,Mountain,31280,-212,-520,2,3
-119.37,47.6,Mountain,31280,456,0,3,5
-121.1711,47.5789,-99,31280,1449,1280,5,-9999
-66.22,47.57,Conifer/Hardwood,7708,-211.5720062,-1953,9,-9999
-68.5,47.57,Conifer/Hardwood,10318,1166.219971,1344,5,4
-94.967,47.558,Deciduous,11538,-234,711,4,-9999
-65.75,47.5,Conifer/Hardwood,10209,375.9670105,693,4,1
-120.65,47.5,Mountain,30520,-44,-520,2,4
-117.4,47.5,Mountain,30000,-1064,-520,2,-9999
-91.66,47.472,Conifer/Hardwood,-9999,345,-9999,-9999,3
-117.55,47.47,Mountain,28720,422,520,4,5
-92.433,47.467,Conifer/Hardwood,11819,-171,1009,5,-9999
-119.53,47.45,Mountain,31280,205,1280,5,5
-118.75,47.45,Mountain,28720,-1511,-1280,9,-9999
-106.4111,47.4453, ,11567,1035,1531,5,4
-118.96,47.43,Mountain,28720,-1538,520,4,-9999
-66.9,47.42,Conifer/Hardwood,10597,1621.880005,1069,5,4
-66.9,47.417,Conifer/Hardwood,10267,872.2849731,950,4,3
-68.95,47.4,Conifer/Hardwood,7888,445.3469849,-1440,9,3
-123.4189,47.3898,Coastal,31280,907,520,4,4
-118.1,47.37,Mountain,30520,1500,0,3,4
-118.68,47.35,Mountain,29480,1625,520,4,5
-68.75,47.33,Conifer/Hardwood,10358,682.1630249,774,4,7
-117.96,47.31,Mountain,28720,-97,0,3,3
-112.43,47.3061, ,-9999,-9999,-9999,-9999,4
-84.258,47.308,Conifer/Hardwood,11260,2143,1859,5,6
-93.6,47.283,Deciduous,-9999,529,-9999,-9999,-9999
-67.98,47.28,Conifer/Hardwood,9257,1308.469971,-404,3,7
-68.32,47.28,Conifer/Hardwood,10005,-449.3460083,38,3,-9999
-120.08,47.28,Mountain,30520,-1121,-520,2,3
-117.95,47.28,Mountain,30520,1101,520,4,4
-121.1,47.25,Coastal,30520,1197,-520,2,-9999
-120.6,47.25,Mountain,29480,1025,520,4,4
-119.45,47.25,Mountain,31280,1500,1280,5,5
-95.008,47.244,Deciduous,-9999,-1708,-9999,-9999,-9999
-95.008,47.244,Deciduous,-9999,-1708,-9999,-9999,-9999
-119.98,47.23,Mountain,30520,-1096,0,3,-9999
-95.783,47.217,Deciduous,10475,-141,-3503,7,-9999
-119.41,47.21,Mountain,28720,-16,520,4,-9999
-108.3533,47.2092, ,11223,642,1199,5,4
-95.783,47.2,Deciduous,11082,276,-3503,7,-9999
-95.167,47.183,Deciduous,-9999,-2006,-9999,-9999,-9999
-94.933,47.183,Deciduous,12347,235,1598,5,-9999
-95.167,47.183,Deciduous,-9999,-2006,-9999,-9999,-9999
-94.917,47.183,Deciduous,12356,449,1585,5,-9999
-95.733,47.183,Deciduous,11660,-1088,-3503,7,5
-95.167,47.183,Deciduous,-9999,-2006,-9999,-9999,-9999
-95.698,47.178,Deciduous,-9999,-1724,-3503,7,-9999
-95.558,47.165,Deciduous,-9999,1859,-3503,7,6
-109.4264,47.1525, ,11648,-336,1058,5,-9999
-119.75,47.15,Mountain,28720,-1345,-1280,9,-9999
-99.233,47.15,Prairies,11507,2424,1075,5,6
-95.367,47.15,Deciduous,12384,964,-3503,7,-9999
-93.644,47.136,Deciduous,13500,-1658,2573,10,3
-119.85,47.13,Mountain,28720,-1401,0,3,3
-118.58,47.13,Mountain,28720,-1242,-1280,9,-9999
-116.73,47.13,Mountain,30000,2001,-520,2,4
-116.1,47.13,Mountain,31280,1500,520,4,4
-99.23,47.13,Prairies,11633,1943,1105,5,6
-99.23,47.13,Prairies,11633,1943,1105,5,6
-93.683,47.133,Deciduous,12344,-882,1671,5,5
-93.667,47.133,Deciduous,13307,41,2068,10,3
-118.58,47.12,Mountain,28720,-553,0,3,3
-122.0533,47.0967,Coastal,30000,-1378,520,4,-9999
-120.7,47.1,Mountain,30000,956,0,3,3
-118.68,47.1,Mountain,28720,-1174,-1280,9,-9999
-108.34,47.0964, ,11804,308,1491,5,3
-107.4797,47.0958, ,11905,689,1508,5,6
-98.583,47.1,Prairies,9819,-1114,-338,3,-9999
-65.85,47.08,Conifer/Hardwood,10328,425.5289917,748,4,1
-118.85,47.08,Mountain,30520,755,520,4,5
-94.113,47.081,Deciduous,-9999,638,-3503,7,-9999
-122.04,47.07,Coastal,30520,1296,-1280,9,4
-65.9,47.05,Conifer/Hardwood,10414,671.4130249,1077,5,3
-66.967,47.033,Conifer/Hardwood,10605,875.5910034,708,4,7
-68.2,47.03,Conifer/Hardwood,9382,-179.9380035,-180,3,-9999
-118.18,47,Mountain,28720,-1516,0,3,-9999
-117.18,47,Mountain,30000,-998,-520,2,3
-117.2,47,Mountain,29480,-1358,-1280,9,-9999
-116.67,47,Mountain,30520,1198,1280,5,3
-121.8633,46.9967,Coastal,31280,1087,1280,5,3
-110.0842,46.9894, ,29480,-538,-1280,9,-9999
-121.8317,46.9767,Coastal,31280,1313,1280,5,3
-116.67,46.98,Mountain,31280,1500,1280,5,3
-116.67,46.97,Mountain,31280,1500,1280,5,3
-83.13,46.97,Conifer/Hardwood,-9999,-9999,-9999,-9999,-9999
-95.317,46.967,Deciduous,12830,841,1095,5,7
-109.9389,46.9533, ,31280,-9999,-1280,9,-9999
-67.53,46.95,Conifer/Hardwood,9407,1558.959961,-827,2,-9999
-68.85,46.95,Conifer/Hardwood,13500,1517.630005,2524,10,5
-94.95,46.95,Deciduous,12900,-1067,1034,5,-9999
-68.53,46.93,Conifer/Hardwood,11063,879.2789917,1077,5,5
-117.7,46.93,Mountain,30000,-1199,-520,2,-9999
-116.65,46.93,Mountain,29480,1364,520,4,4
-121.6664,46.9192,-99,30520,1256,1280,5,-9999
-117.27,46.92,Mountain,29480,-1374,-520,2,-9999
-116.95,46.92,Mountain,29480,-1584,-1280,9,-9999
-95.575,46.922,Deciduous,-9999,-1117,-9999,-9999,-9999
-95.575,46.922,Deciduous,-9999,-1117,-9999,-9999,-9999
-121.6572,46.9111,-99,31280,1242,1280,5,3
-121.5508,46.9033,Coastal,31280,1533,520,4,3
-67.4,46.9,Conifer/Hardwood,7961,-1358.089966,-2237,8,-9999
-121.6833,46.9,Coastal,31280,1197,1280,5,3
-121.6128,46.8978,Coastal,31280,1500,1280,5,3
-120.47,46.9,Mountain,30000,1332,520,4,4
-117.27,46.9,Mountain,29480,-1303,-1280,9,3
-116.9,46.9,Mountain,29480,-1119,-1280,9,-9999
-99.37,46.9,Prairies,11063,1385,548,4,6
-99.4236,46.8842, ,-9999,-9999,-9999,-9999,-9999
-119.6,46.88,Mountain,31280,-1167,520,4,4
-121.5175,46.8694,-99,31280,496,-1280,9,-9999
-87.933,46.867,Conifer/Hardwood,8539,1514,-147,3,4
-94.75,46.867,Deciduous,-9999,170,-9999,-9999,-9999
-87.9,46.85,Conifer/Hardwood,13500,124,2677,10,3
-87.833,46.85,Conifer/Hardwood,13156,108,2193,10,3
-87.921,46.833,Conifer/Hardwood,-9999,1074,-9999,-9999,4
-87.917,46.833,Conifer/Hardwood,13164,1571,2452,10,4
-121.87,46.8317,Coastal,31280,814,1280,5,3
-118.32,46.83,Mountain,30000,731,520,4,5
-117.03,46.83,Mountain,30000,-1430,-1280,9,-9999
-117.85,46.82,Mountain,29480,-266,-1280,9,-9999
-117.65,46.82,Mountain,29480,-1083,-1280,9,-9999
-122.2986,46.8097,Coastal,31280,903,-520,2,4
-117.23,46.81,Mountain,30000,-1280,-1280,9,-9999
-68.07,46.8,Conifer/Hardwood,8923,490.4689941,-1005,9,-9999
-121.8833,46.8,Coastal,30520,816,1280,5,3
-121.72,46.8,-99,30000,1040,-520,2,3
-119.13,46.8,Mountain,30520,-1230,-520,2,-9999
-119.13,46.8,Mountain,30520,-1230,-520,2,-9999
-118.65,46.8,Mountain,28720,-1263,-1280,9,-9999
-118.08,46.8,Mountain,30000,1583,520,4,-9999
-117.88,46.8,Mountain,28720,-911,-520,2,-9999
-116.85,46.8,Mountain,30000,-294,0,3,4
-116.87,46.8,Mountain,29480,1301,-1280,9,3
-116.92,46.8,Mountain,29480,1071,-520,2,4
-116.83,46.8,Mountain,30000,-198,-520,2,4
-116.83,46.8,Mountain,30000,-198,-520,2,4
-121.7383,46.7917,-99,30000,962,520,4,3
-88,46.783,Conifer/Hardwood,12237,1066,1935,5,4
-121.7625,46.7764,Coastal,31280,1025,1280,5,3
-118.51,46.78,Mountain,28720,-1180,-520,2,-9999
-118.43,46.78,Mountain,29480,-1006,-520,2,-9999
-118.3,46.78,Mountain,28720,729,520,4,3
-68.47,46.77,Conifer/Hardwood,8397,23.1371994,-1295,9,-9999
-121.7881,46.7714,Coastal,31280,1251,1280,5,3
-121.73,46.7697,-99,30520,1327,520,4,-9999
-118.37,46.77,Mountain,29480,-1520,0,3,-9999
-116.67,46.77,Mountain,30000,143,-520,2,3
-121.875,46.7683,Coastal,31280,1500,1280,5,3
-87.917,46.767,Conifer/Hardwood,10433,630,662,4,4
-87.933,46.767,Conifer/Hardwood,9630,-270,-5,3,1
-122,46.7581,Coastal,31280,885,-1280,9,-9999
-121.6983,46.7628,-99,30520,1061,1280,5,-9999
-121.8122,46.7522,Coastal,31280,1500,520,4,3
-87.95,46.75,Conifer/Hardwood,9430,99,14,3,1
-87.967,46.75,Conifer/Hardwood,9276,467,-41,3,1
-87.95,46.75,Conifer/Hardwood,9430,99,14,3,1
-87.933,46.75,Conifer/Hardwood,9865,244,275,3,1
-87.933,46.75,Conifer/Hardwood,9865,244,275,3,1
-87.967,46.75,Conifer/Hardwood,9276,467,-41,3,1
-87.917,46.75,Conifer/Hardwood,9092,157,-204,3,-9999
-87.95,46.75,Conifer/Hardwood,9430,99,14,3,1
-119.62,46.73,Mountain,28720,-226,1280,5,5
-119.08,46.73,Mountain,31280,-1251,0,3,-9999
-117.13,46.73,Mountain,29480,-586,-520,2,3
-87.933,46.733,Conifer/Hardwood,11160,564,1470,5,3
-88.083,46.733,Conifer/Hardwood,13500,1125,2764,10,4
-119.03,46.72,Mountain,31280,826,520,4,4
-92.62,46.72,Conifer/Hardwood,11294,940,-3503,7,6
-70.3,46.717,Conifer/Hardwood,10228,2576.909912,588,4,6
-87.967,46.717,Conifer/Hardwood,13168,1289,2594,10,4
-119,46.7,Mountain,28720,1423,520,4,4
-85.04,46.7,Conifer/Hardwood,-9999,1156,-9999,-9999,4
-87.85,46.7,Conifer/Hardwood,12810,1388,2915,10,4
-87.983,46.683,Conifer/Hardwood,12530,1311,2454,10,4
-65.55,46.667,Conifer/Hardwood,9048,244.6560059,501,4,5
-122.3269,46.6689,-99,-9999,512,-9999,-9999,-9999
-118.47,46.67,Mountain,30000,-1062,0,3,-9999
-88.017,46.667,Conifer/Hardwood,11251,1148,1565,5,4
-65.55,46.65,Conifer/Hardwood,9738,598.210022,673,4,-9999
-118.58,46.65,Mountain,30000,811,-520,2,4
-121.3858,46.6433,Coastal,30000,1354,520,4,-9999
-121.0669,46.6397,Coastal,29480,1639,1280,5,4
-92.617,46.633,Conifer/Hardwood,-9999,-623,-9999,-9999,-9999
-68.88,46.63,Conifer/Hardwood,10162,511.401001,814,4,5
-121.8058,46.6278,Coastal,30000,823,0,3,3
-121.4181,46.6289,-99,30000,414,-1280,9,-9999
-118.77,46.63,Mountain,28720,-1356,-520,2,-9999
-68.02,46.62,Conifer/Hardwood,8985,1774.229981,-823,2,-9999
-80.78,46.62,Conifer/Hardwood,-9999,-9999,-9999,-9999,-9999
-88.05,46.617,Conifer/Hardwood,11055,1067,1343,5,6
-121.6081,46.6028,-99,31280,1359,520,4,3
-81.5,46.6,Conifer/Hardwood,-9999,-9999,-9999,-9999,-9999
-88,46.6,Conifer/Hardwood,-9999,-9999,-9999,-9999,3
-122.25,46.592,Coastal,31280,320,0,3,3
-67.65,46.583,Conifer/Hardwood,9985,-1183.199951,-353,3,-9999
-92.467,46.583,Conifer/Hardwood,-9999,-564,-9999,-9999,-9999
-67.63,46.58,Conifer/Hardwood,6499,-1392.359985,-3501,1,-9999
-121.6364,46.5775,-99,31280,1221,520,4,4
-70.62,46.58,Conifer/Hardwood,9398,621.6799927,-349,3,-9999
-88.22,46.57,Conifer/Hardwood,13257,906,2158,10,4
-88.45,46.57,Conifer/Hardwood,11085,523,1040,5,3
-114.4353,46.5614,-99,31280,504,1280,5,-9999
-68.33,46.55,Conifer/Hardwood,8832,821.4060059,-190,3,1
-119.8,46.55,Mountain,29480,-1048,0,3,-9999
-94.133,46.55,Deciduous,11680,-309,884,4,-9999
-103.6603,46.5461, ,11598,564,1127,5,6
-120.26,46.53,Mountain,28720,-971,-1280,9,-9999
-119.88,46.53,Mountain,30520,1033,520,4,-9999
-112.396,46.531,Mountain,31280,1500,520,4,3
-82.77,46.52,Conifer/Hardwood,-9999,-9999,-9999,-9999,-9999
-87.967,46.5,Conifer/Hardwood,11231,136,1029,5,1
-91.717,46.5,Conifer/Hardwood,-9999,-9999,-9999,-9999,-9999
-89.95,46.48,Conifer/Hardwood,-9999,-70,-9999,-9999,-9999
-115.2,46.47,Mountain,30520,1103,1280,5,4
-86.958,46.47,Conifer/Hardwood,-9999,1242,-9999,-9999,4
-112.166,46.452,Mountain,29480,1679,0,3,4
-84.958,46.427,Conifer/Hardwood,-9999,-9999,-9999,-9999,1
-84.958,46.427,Conifer/Hardwood,-9999,-9999,-9999,-9999,1
-66.95,46.42,Conifer/Hardwood,8638,738.0449829,-1054,9,-9999
-67.95,46.417,Conifer/Hardwood,8964,501.4060059,-69,3,1
-90.4,46.42,Conifer/Hardwood,11255,1525,1292,5,4
-62.797,46.383,Conifer/Hardwood,9793,274.2219849,-64,3,-9999
-68.35,46.38,Conifer/Hardwood,9710,-894.25,641,4,5
-120.7,46.38,Coastal,30000,-101,-3503,7,3
-119.48,46.38,Mountain,28720,-212,1280,5,4
-119.43,46.38,Mountain,30000,-1359,520,4,-9999
-68.62,46.37,Conifer/Hardwood,10002,1104.959961,1171,5,3
-92.87,46.353,Deciduous,-9999,-566,-9999,-9999,-9999
-65.23,46.35,Conifer/Hardwood,9837,942.9370117,893,4,3
-88.88,46.35,Conifer/Hardwood,-9999,627,-9999,-9999,1
-91.35,46.35,Conifer/Hardwood,11631,1189,1223,5,4
-94.4,46.35,Deciduous,12721,1304,1192,5,-9999
-120.32,46.33,Mountain,28720,-1480,-3503,7,-9999
-119.3,46.33,Mountain,28720,-1137,-520,2,-9999
-124.05,46.3167,Coastal,31280,-688,-1280,9,-9999
-80.8,46.3,Conifer/Hardwood,11863,252,1229,5,-9999
-81.68,46.3,Conifer/Hardwood,6499,-124,-3501,1,-9999
-87.53,46.3,Conifer/Hardwood,6499,360,-3501,1,4
-67.883,46.283,Conifer/Hardwood,6499,-1417.170044,-3501,1,-9999
-120.45,46.28,Mountain,29480,1010,-3503,7,4
-119.48,46.28,Mountain,31280,-1167,0,3,-9999
-117.55,46.28,Mountain,30520,1613,-520,2,4
-90.58,46.28,Conifer/Hardwood,11500,838,1334,5,6
-60.97,46.27,Conifer/Hardwood,10734,1725.619995,1160,5,3
-90.17,46.27,Conifer/Hardwood,10007,835,57,3,4
-94.55,46.267,Deciduous,13167,1140,1826,5,7
-67.65,46.25,Conifer/Hardwood,8398,87.796402,-1109,9,1
-89.42,46.25,Conifer/Hardwood,11845,539,1191,5,4
-89.9,46.25,Conifer/Hardwood,6499,-172,-3501,1,4
-89.9,46.25,Conifer/Hardwood,6499,-172,-3501,1,4
-117.57,46.23,Mountain,30000,512,-520,2,4
-103.7406,46.2217, ,11675,505,1052,5,3
-120.47,46.22,Mountain,30000,-76,-3503,7,3
-91.8,46.22,Conifer/Hardwood,6499,-1053,-3501,1,7
-119.73,46.2,Mountain,30000,1930,-520,2,5
-89.7,46.183,Conifer/Hardwood,12375,1452,1563,5,6
-89.7,46.183,Conifer/Hardwood,12375,1452,1563,5,6
-67.17,46.18,Conifer/Hardwood,10599,1138.199951,1006,5,6
-68.38,46.18,Conifer/Hardwood,-9999,-9999,-9999,-9999,3
-117.55,46.18,Mountain,30520,662,520,4,3
-89.07,46.18,Conifer/Hardwood,10090,733,127,3,4
-60.92,46.17,Conifer/Hardwood,10697,237.746994,882,4,-9999
-64.28,46.17,Conifer/Hardwood,8273,695.46698,-926,2,-9999
-68.8,46.15,Conifer/Hardwood,-9999,-9999,-9999,7,3
-88.88,46.15,Conifer/Hardwood,10012,420,-158,3,4
-89.97,46.15,Conifer/Hardwood,11727,524,1406,5,3
-90.63,46.15,Conifer/Hardwood,11790,539,1040,5,-9999
-68.72,46.13,Conifer/Hardwood,9748,1046.069946,604,4,4
-119.22,46.13,Mountain,28720,519,-520,2,-9999
-117.52,46.13,Mountain,30000,99,0,3,3
-93.783,46.133,Deciduous,-9999,-145,-3503,7,5
-93.704,46.128,Deciduous,-9999,-1858,-3503,7,-9999
-119.6,46.12,Mountain,28720,-1330,0,3,-9999
-117.52,46.12,Mountain,30000,93,0,3,3
-93.103,46.086,Deciduous,-9999,-9999,-9999,-9999,5
-68.9,46.083,Conifer/Hardwood,12033,1723.189941,2733,10,4
-88.62,46.08,Conifer/Hardwood,13500,-156,2042,10,-9999
-60.383,46.067,Conifer/Hardwood,10302,577.289978,841,4,5
-87.83,46.07,Conifer/Hardwood,11502,-154,1114,5,5
-93.68,46.068,Deciduous,11810,-1295,855,4,-9999
-60.433,46.05,Conifer/Hardwood,9866,1013.380005,594,4,3
-67.03,46.05,Conifer/Hardwood,10009,677.585022,552,4,-9999
-67.03,46.05,Conifer/Hardwood,10009,677.585022,552,4,-9999
-80.71,46.05,Deciduous,10752,1268,1465,5,6
-89.167,46.033,Deciduous,-9999,-9999,-9999,-9999,-9999
-89.683,46.033,Conifer/Hardwood,-9999,-1600,-9999,-9999,-9999
-68.17,46.03,Conifer/Hardwood,-9999,-9999,-9999,-9999,-9999
-66.63,46.02,Conifer/Hardwood,6499,-871.0219727,-3501,1,-9999
-67.72,46.02,Conifer/Hardwood,8903,633.3499756,-273,3,-9999
-89.63,46.02,Conifer/Hardwood,10024,883,-115,3,5
-89.683,46.017,Conifer/Hardwood,11471,689,864,4,6
-89.683,46.017,Conifer/Hardwood,11471,689,864,4,6
-67.92,46,Conifer/Hardwood,9598,-767.4099731,544,4,3
-68.63,46,Conifer/Hardwood,10156,1252.109985,1012,5,4
-89,46,Deciduous,10050,-11,-18,3,4
-89.62,46,Conifer/Hardwood,11702,-648,1138,5,5
-89.375,45.986,Deciduous,11691,729,1190,5,6
-67.3,45.93,Conifer/Hardwood,10606,-524.8060303,648,4,-9999
-119.38,45.93,Mountain,31280,-148,1280,5,5
-89.625,45.933,Deciduous,11090,1014,974,4,4
-66.3,45.92,Conifer/Hardwood,9722,-41.9518013,561,4,5
-120.8806,45.9181,-99,30000,-197,-1280,9,3
-120.881,45.918,Coastal,30000,-197,-1280,9,3
-88.133,45.917,Deciduous,11514,781,1137,5,4
-89.467,45.9,Deciduous,10129,-519,-231,3,7
-90.08,45.9,Deciduous,9729,163,-333,3,1
-90.97,45.9,Deciduous,9714,794,-290,3,4
-114.2619,45.8919,-99,31280,745,1280,5,-9999
-121.9,45.8833,Coastal,29480,1743,0,3,4
-121.9,45.8833,Coastal,29480,1743,0,3,4
-121.8833,45.8833,Coastal,30520,1020,520,4,4
-121.8667,45.8833,Coastal,30520,1392,520,4,4
-88.467,45.883,Deciduous,-9999,-1959,-9999,-9999,5
-61.12,45.87,Conifer/Hardwood,9724,372.802002,511,4,-9999
-121.95,45.8667,Coastal,29480,636,0,3,4
-121.95,45.8667,Coastal,29480,636,0,3,4
-121.9333,45.8667,Coastal,29480,822,0,3,4
-121.9333,45.8667,Coastal,29480,822,0,3,4
-121.9167,45.8667,Coastal,30520,1157,520,4,4
-70.35,45.85,Conifer/Hardwood,-9999,-9999,-9999,-9999,6
-88.417,45.85,Deciduous,-9999,-9999,-9999,-9999,-9999
-89.317,45.85,Deciduous,11709,947,1129,5,4
-93.168,45.849,Deciduous,-9999,-1467,-9999,-9999,-9999
-113.4403,45.8406,-99,31280,-1043,1280,5,-9999
-123.5792,45.8242,Coastal,-9999,698,-9999,-9999,3
-103.38,45.82,Prairies,9271,-458,-492,3,-9999
-103.38,45.82,Prairies,9271,-458,-492,3,-9999
-91.47,45.82,Deciduous,11801,1955,1028,5,7
-122.4939,45.8044,-99,-9999,-140,-9999,-9999,-9999
-63.67,45.8,Conifer/Hardwood,-9999,716.7579956,-9999,-9999,-9999
-68.37,45.8,Conifer/Hardwood,8691,-515.5819702,-570,2,-9999
-89.7,45.8,Deciduous,12584,-446,1327,5,-9999
-88.333,45.783,Deciduous,11139,695,893,4,3
-89.483,45.783,Deciduous,11709,521,1130,5,7
-93.273,45.781,Deciduous,-9999,-9999,-9999,-9999,-9999
-66.87,45.78,Conifer/Hardwood,7716,368.3680115,-1476,9,-9999
-68.15,45.78,Conifer/Hardwood,9929,951.257019,612,4,1
-67.8503,45.7668,Conifer/Hardwood,-9999,-9999,-9999,-9999,-9999
-104.5131,45.7375, ,9366,613,10,3,4
-67.02,45.73,Conifer/Hardwood,11035,1066.199951,567,4,-9999
-104.5067,45.7264, ,-9999,121,-9999,-9999,4
-93.467,45.725,Deciduous,11350,723,796,4,5
-114.9867,45.7044,-99,31280,1275,1280,5,4
-81.87,45.7,-99,10504,1415,673,4,4
-87.62,45.7,Deciduous,10988,584,912,4,7
-80.41,45.68,Deciduous,11247,1475,1453,5,4
-62.62,45.67,Conifer/Hardwood,8507,1177.589966,-971,2,-9999
-87.455,45.667,Deciduous,-9999,717,-9999,-9999,5
-88.983,45.667,Deciduous,-9999,-9999,-9999,-9999,-9999
-60.783,45.65,Conifer/Hardwood,9299,1024.959961,38,3,5
-64.92,45.65,Conifer/Hardwood,8315,-741.0029907,-935,2,3
-67.47,45.63,Conifer/Hardwood,10626,823.7160034,617,4,3
-68.62,45.63,Conifer/Hardwood,9267,-247.552002,-258,3,1
-91.58,45.63,Deciduous,-9999,-9999,-9999,-9999,-9999
-104.1383,45.6236, ,11559,812,1472,5,4
-61.83,45.62,Conifer/Hardwood,10881,822.3900146,836,4,-9999
-70.633,45.62,Conifer/Hardwood,10019,2476.469971,1163,5,4
-84.7,45.617,Conifer/Hardwood,10205,22,291,3,4
-89.35,45.6,Deciduous,11816,-185,1011,5,-9999
-90.3,45.6,Deciduous,-9999,970,-9999,-9999,4
-121.7972,45.5811,Coastal,31280,-9999,1280,5,-9999
-65.3,45.58,Conifer/Hardwood,8760,1493.599976,-1015,9,-9999
-65.58,45.58,Conifer/Hardwood,-9999,-9999,-9999,-9999,-9999
-62.13,45.57,Conifer/Hardwood,8937,-1110.319946,-962,2,-9999
-89.7,45.57,Deciduous,-9999,-9999,-9999,-9999,7
-92,45.57,Deciduous,12618,1037,1293,5,7
-70.675,45.567,Conifer/Hardwood,10599,734.1129761,966,4,6
-68.13,45.55,Conifer/Hardwood,-9999,-9999,-9999,-9999,3
-80.16,45.55,Deciduous,11252,1779,1590,5,4
-73.311,45.543,Conifer/Hardwood,-9999,-9999,-9999,-9999,-9999
-103.315,45.5131, ,11619,522,1743,5,3
-88.17,45.48,Deciduous,10051,729,-246,3,4
-89.017,45.483,Deciduous,11298,-426,950,4,-9999
-89.25,45.483,Deciduous,11915,707,1339,5,4
-121.9667,45.45,Coastal,30000,1582,520,4,4
-121.8833,45.45,Coastal,30520,1649,1280,5,4
-91.5,45.433,Deciduous,9367,482,-683,2,-9999
-93.183,45.425,Prairies,10582,597,882,4,-9999
-89.25,45.417,Deciduous,12354,673,1770,5,4
-91.317,45.417,Deciduous,11838,382,988,4,7
-64.47,45.4,Conifer/Hardwood,-9999,305.0419922,-9999,-9999,-9999
-67.8,45.4,Conifer/Hardwood,13227,1119.25,2296,10,4
-102.17,45.4,Prairies,9367,618,46,3,3
-63.55,45.38,Conifer/Hardwood,10124,-424.7449951,-17,3,-9999
-62.43,45.37,Conifer/Hardwood,8670,869.7589722,34,3,5
-68.48,45.37,Conifer/Hardwood,8851,-1065.189941,-987,2,-9999
-68.05,45.35,Conifer/Hardwood,10267,-379.8840027,562,4,-9999
-90.079,45.335,Deciduous,-9999,-9999,-9999,-9999,5
-93.05,45.33,Prairies,9326,-298,231,3,-9999
-88.8,45.32,Deciduous,8672,764,-530,2,4
-83.467,45.317,Conifer/Hardwood,-9999,-9999,-9999,-9999,-9999
-121.5581,45.3022,Coastal,31280,1500,1280,5,-9999
-84.733,45.3,Conifer/Hardwood,9625,1126,-51,3,4
-90.32,45.3,Deciduous,12570,1190,1342,5,7
-91.45,45.3,Deciduous,-9999,-664,-9999,-9999,-9999
-83.95,45.283,Conifer/Hardwood,11640,860,1558,5,4
-67.331,45.256,Conifer/Hardwood,10658,622.3209839,766,4,-9999
-69.93,45.25,Conifer/Hardwood,-9999,-9999,-9999,-9999,-9999
-85.25,45.233,Conifer/Hardwood,11291,-9999,989,4,-9999
-121.6939,45.2192,Coastal,29480,1548,-520,2,-9999
-123.7208,45.2153,Coastal,30520,735,1280,5,4
-117.2728,45.2128,Mountain,31280,-64,1280,5,3
-67.63,45.2,Conifer/Hardwood,8632,1101.790039,-701,2,5
-91.983,45.183,Deciduous,6499,-1185,-3501,1,-9999
-70.45,45.18,Conifer/Hardwood,-9999,-9999,-9999,-9999,1
-81.417,45.15,Deciduous,10832,-74,1179,5,3
-66.717,45.144,Conifer/Hardwood,9660,1260.839966,-467,3,-9999
-90.65,45.13,Deciduous,11795,993,1169,5,4
-69.98,45.12,Conifer/Hardwood,12151,3500,1696,5,6
-119.3156,45.1164,Mountain,30000,28,-520,2,-9999
-118.2664,45.1103,Mountain,31280,-126,0,3,3
-88.62,45.11,Deciduous,11527,1096,-3503,7,4
-88.52,45.11,Deciduous,9717,1189,-3503,7,4
-88.88,45.11,Deciduous,-9999,-840,-3503,7,3
-88.521,45.11,Deciduous,9755,143,-3503,7,4
-88.61,45.1,Deciduous,12244,763,-3503,7,3
-88.5,45.1,Deciduous,10819,1053,-3503,7,4
-88.7,45.09,Deciduous,11579,988,-3503,7,4
-88.52,45.09,Deciduous,10647,1331,-3503,7,4
-88.51,45.09,Deciduous,11034,1103,-3503,7,4
-84.15,45.083,Conifer/Hardwood,9624,1042,-57,3,4
-88.63,45.08,Deciduous,11802,685,-3503,7,4
-88.63,45.08,Deciduous,11802,685,-3503,7,4
-88.84,45.08,Deciduous,11271,412,-3503,7,4
-88.71,45.07,Deciduous,11967,658,-3503,7,4
-88.75,45.07,Deciduous,11310,752,-3503,7,3
-84.783,45.067,Conifer/Hardwood,10196,870,225,3,4
-101.35,45.067,Prairies,9255,-1026,-3503,7,-9999
-91.083,45.067,Deciduous,9880,-704,-584,2,-9999
-100.35,45.067,Prairies,9872,1376,-3503,7,6
-88.96,45.06,Deciduous,11849,710,-3503,7,4
-68.683,45.05,Conifer/Hardwood,8546,1229.420044,-831,2,5
-84.7,45.05,Conifer/Hardwood,9595,-307,-283,3,-9999
-88.57,45.05,Deciduous,10570,877,-3503,7,4
-68.733,45.042,Conifer/Hardwood,6499,-610.2340088,-3501,1,-9999
-88.52,45.04,Deciduous,10342,756,-3503,7,4
-68.2,45.033,Conifer/Hardwood,11214,1077.349976,1640,5,3
-102,45.033,Prairies,8868,-943,-3503,2,-9999
-102,45.033,Prairies,8868,-943,-3503,2,-9999
-121.7878,45.0317,Coastal,28720,843,520,4,-9999
-70.65,45.03,Conifer/Hardwood,10159,1684.349976,899,4,5
-88.82,45.03,Deciduous,10799,990,-3503,7,4
-88.82,45.03,Deciduous,10799,990,-3503,7,4
-102.05,45.03,Prairies,8945,1156,-454,3,4
-110.75,45.02,Mountain,12209,1005,2051,10,4
-88.75,45.02,Deciduous,11420,853,-3503,7,4
-89.083,45.017,Deciduous,11336,652,838,4,3
-88.55,45.01,Deciduous,-9999,563,-3503,7,3
-88.58,45,Deciduous,10694,1060,-3503,7,4
-88.58,45,Deciduous,10694,1060,-3503,7,4
-88.55,45,Deciduous,10632,43,-3503,7,3
-88.8,45,Deciduous,11421,869,-3503,7,4
-88.5,44.99,Deciduous,10389,-368,-3503,7,-9999
-69.317,44.983,Deciduous,9375,-1007.039978,-597,2,-9999
-84.3,44.983,Conifer/Hardwood,11233,2101,1056,5,4
-110.75,44.98,Mountain,10433,1086,546,4,3
-110.76,44.98,Mountain,9999,1109,131,3,3
-88.57,44.98,Deciduous,11295,734,-3503,7,3
-88.57,44.98,Deciduous,11295,734,-3503,7,3
-88.85,44.98,Deciduous,6499,-798,-3503,7,5
-88.63,44.98,Deciduous,10253,577,-3503,7,4
-88.89,44.98,Deciduous,11737,1192,-3503,7,6
-88.89,44.98,Deciduous,11737,1192,-3503,7,6
-88.89,44.98,Deciduous,11737,1192,-3503,7,6
-88.84,44.98,Deciduous,10224,-182,-3503,7,-9999
-88.64,44.98,Deciduous,10926,1183,-3503,7,4
-102.0492,44.9778, ,-9999,-804,-9999,-9999,5
-119.6628,44.9744,Mountain,30520,1212,1280,5,-9999
-68.133,44.967,Conifer/Hardwood,10023,808.2290039,669,4,1
-68.133,44.967,Conifer/Hardwood,10023,808.2290039,669,4,1
-110.8,44.96,Mountain,11376,1468,1475,5,4
-118.2139,44.9583,Mountain,30520,126,520,4,3
-110.6,44.956,Mountain,11376,765,1448,5,3
-123.9333,44.95,Coastal,30520,880,0,3,4
-79.28,44.95,Deciduous,11875,1126,1520,5,6
-88.66,44.95,Deciduous,11639,888,-3503,5,4
-88.6,44.95,Deciduous,12000,1322,-3503,7,6
-88.53,44.94,Deciduous,10120,593,-3503,7,4
-110.35,44.933,Mountain,10198,819,313,3,3
-83.8,44.933,Conifer/Hardwood,-9999,-9999,-9999,-9999,-9999
-88.54,44.93,Deciduous,6499,727,-3503,7,4
-110.733,44.917,Mountain,11189,1051,1260,5,7
-88.58,44.91,Deciduous,10309,-357,-3503,3,-9999
-69.9,44.9,Deciduous,10171,-477.4100037,518,4,-9999
-70.556,44.8962,Conifer/Hardwood,-9999,-9999,-9999,-9999,5
-88.52,44.9,Prairies,10741,644,-3503,7,7
-98.75,44.9,Prairies,9829,-946,-256,3,-9999
-98.75,44.9,Prairies,9829,-946,-256,3,-9999
-98.75,44.9,Prairies,9829,-946,-256,3,-9999
-93.692,44.892,Prairies,10560,-865,384,3,-9999
-93.692,44.892,Prairies,10560,-865,384,3,-9999
-88.55,44.89,Prairies,10250,904,-3503,7,7
-88.6,44.89,Prairies,-9999,-1297,-3503,7,7
-88.6,44.89,Prairies,-9999,-1297,-3503,7,7
-88.51,44.89,Prairies,11233,617,-3503,7,7
-88.63,44.89,Deciduous,11398,763,-3503,7,1
-88.54,44.89,Prairies,-9999,-9999,-3503,7,1
-88.56,44.89,Prairies,9715,684,-3503,7,-9999
-88.52,44.88,Prairies,-9999,-9999,-3503,7,5
-88.66,44.88,Prairies,10033,423,-3503,7,1
-89.267,44.883,Deciduous,-9999,798,-9999,-9999,-9999
-97.467,44.883,Prairies,10420,-1094,140,3,-9999
-121.9814,44.8756,Coastal,31280,1500,1280,5,4
-88.51,44.87,Prairies,10608,553,-3503,7,6
-88.51,44.87,Prairies,10608,553,-3503,7,6
-88.5,44.87,Prairies,-9999,-9999,-3503,7,-9999
-70.4,44.867,Deciduous,10668,1206.839966,796,4,1
-72.15,44.867,Conifer/Hardwood,8966,875.6240234,-676,2,-9999
-79.97,44.85,Deciduous,-9999,1338,-9999,-9999,7
-99.906,44.836,Prairies,-9999,-9999,-9999,-9999,-9999
-104.12,44.83,Prairies,8559,504,-610,2,3
-122.1131,44.8244,Coastal,30520,380,1280,5,2
-78.68,44.82,Deciduous,-9999,-9999,-9999,-9999,-9999
-79.98,44.82,Deciduous,11908,-1155,1430,5,-9999
-70.15,44.8,Deciduous,9045,2027.25,-554,2,7
-71.17,44.8,Conifer/Hardwood,8323,-785.1069946,-1349,9,-9999
-71.85,44.8,Conifer/Hardwood,-9999,671.3569946,-9999,-9999,-9999
-110.45,44.8,Mountain,10515,693,613,4,3
-110.45,44.8,Mountain,10515,693,613,4,3
-88.9,44.8,Deciduous,9685,-811,-1100,9,-9999
-121.7769,44.7964,Coastal,31280,1280,-3503,7,4
-84.6,44.767,Conifer/Hardwood,10211,659,346,3,4
-84.6,44.766,Conifer/Hardwood,10212,978,353,3,4
-123.8667,44.75,Coastal,30000,1025,-520,2,4
-123.8833,44.7333,Coastal,30000,1413,-520,2,4
-123.8,44.7333,Coastal,31280,828,-520,2,4
-123.25,44.7333,Coastal,28720,-1443,-520,2,-9999
-84.1,44.733,Conifer/Hardwood,10264,-287,114,3,-9999
-69.5,44.72,Deciduous,9115,744.5380249,-188,3,1
-70.08,44.72,Deciduous,-9999,-941.2470093,-9999,-9999,-9999
-84.9536,44.7189,Conifer/Hardwood,-9999,-9999,-9999,-9999,-9999
-67.133,44.717,Conifer/Hardwood,10396,197.5059967,670,4,3
-123.05,44.7167,Coastal,30520,-496,1280,5,3
-72.2926,44.7037,Conifer/Hardwood,-9999,1244.640015,-9999,-9999,1
-123.75,44.7,Coastal,29480,934,-520,2,4
-70.45,44.7,Deciduous,-9999,-9999,-9999,-9999,-9999
-110.8,44.7,Mountain,9722,1696,-93,3,4
-123.7,44.6833,Coastal,30000,872,-520,2,4
-83.4,44.683,Conifer/Hardwood,10189,479,164,3,-9999
-88.683,44.683,Prairies,10235,121,126,3,1
-102.067,44.667,Prairies,9407,703,318,3,4
-123.5667,44.65,Coastal,31280,-747,-520,2,-9999
-110.6,44.65,Mountain,8897,609,-884,2,3
-123.4667,44.6333,Coastal,30000,1602,1280,5,4
-122.575,44.6333,-99,31280,629,1280,5,5
-68.639,44.628,Deciduous,10166,127.7480011,664,4,-9999
-85.167,44.633,Conifer/Hardwood,9737,-392,-44,3,-9999
-121.5781,44.6219,Coastal,30520,508,1280,5,4
-123.4333,44.6167,Coastal,30520,-390,1280,5,4
-69.83,44.62,Deciduous,-9999,-9999,-9999,-9999,-9999
-124,44.6,Coastal,31280,3077,-1280,9,4
-78.04,44.6,Deciduous,-9999,-9999,-9999,-9999,-9999
-79.5,44.6,Deciduous,-9999,-9999,-9999,-9999,-9999
-110.8,44.6,Mountain,10433,847,548,4,3
-70.25,44.58,Deciduous,8711,534.1989746,-833,2,-9999
-70.68,44.58,Deciduous,10162,505.6480103,805,4,5
-74.58,44.58,Conifer/Hardwood,9819,1033.530029,742,4,5
-63.65,44.57,Conifer/Hardwood,8565,197.3999939,-536,2,-9999
-123.5,44.5667,Coastal,30000,1781,1280,5,4
-63.67,44.55,Conifer/Hardwood,10160,503.9389954,867,4,3
-63.65,44.55,Conifer/Hardwood,10597,875.9689941,1051,5,6
-123.55,44.55,Coastal,30520,2093,0,3,4
-123.3,44.55,Coastal,30520,-1197,-1280,9,-9999
-69.717,44.55,Deciduous,6499,-1103.959961,-3501,1,-9999
-118.9103,44.5497,Mountain,30520,750,1280,5,-9999
-74.08,44.55,Conifer/Hardwood,10602,728.414978,844,4,4
-121.4311,44.5397,Coastal,29480,999,-520,2,4
-123.55,44.5333,Coastal,29480,1258,-520,2,4
-123.3167,44.5333,Coastal,28720,-597,520,4,-9999
-123.3,44.5333,Coastal,31280,-1555,-520,2,-9999
-69.57,44.53,Deciduous,10823,1240.660034,714,4,7
-73.87,44.52,Conifer/Hardwood,8059,368.1480103,-1350,9,1
-124.0167,44.5167,Coastal,31280,1500,-520,2,-9999
-123.5,44.5167,Coastal,30520,1500,520,4,4
-123.5,44.5167,Coastal,30520,1500,520,4,4
-122.9,44.5167,Coastal,6499,-2087,-3501,1,-9999
-102.85,44.517,Prairies,9390,745,193,3,3
-123.4833,44.5,Coastal,30520,1187,520,4,4
-123.4667,44.5,Coastal,30520,1671,1280,5,4
-110.5,44.5,Mountain,8897,255,-990,2,3
-110.4,44.5,Mountain,-9999,-9999,-9999,-9999,-9999
-107.466,44.5,Mountain,9464,629,-384,3,4
-121.0453,44.4953,Coastal,30000,1500,0,3,3
-110.284,44.49,Mountain,-9999,834,-9999,-9999,1
-70.05,44.47,Deciduous,10605,824.5650024,719,4,-9999
-70.4,44.47,Deciduous,10406,1016.679993,728,4,7
-109.8386,44.4525,-99,12443,1500,2366,10,7
-122.75,44.45,Coastal,30000,-1120,520,4,-9999
-74.25,44.45,Conifer/Hardwood,-9999,-9999,-9999,-9999,1
-110.1,44.45,Mountain,11141,821,1257,5,3
-87.516,44.45,Prairies,6499,-761,-3501,1,-9999
-110.09,44.44,Mountain,10787,1500,944,4,4
-122.4333,44.4333,Coastal,30000,501,520,4,4
-122.3667,44.4333,Coastal,30000,650,1280,5,4
-122.2,44.4333,Coastal,30000,625,520,4,4
-122.0167,44.4333,Coastal,30520,785,1280,5,4
-121.8,44.4333,Coastal,31280,1226,520,4,4
-120.3367,44.4369,Mountain,31280,933,1280,5,-9999
-74.3,44.43,Conifer/Hardwood,10599,805.8959961,993,4,1
-86,44.433,Conifer/Hardwood,9768,567,43,3,4
-119.8314,44.4269,Mountain,31280,-407,-520,2,-9999
-69.8,44.42,Deciduous,6499,-1386.52002,-3501,1,-9999
-83.967,44.417,Conifer/Hardwood,10871,785,1002,5,-9999
-103.88,44.42,Prairies,13398,1402,2531,10,4
-103.417,44.417,Prairies,8654,172,-1040,9,3
-121.8064,44.4056,Coastal,29480,969,-520,2,-9999
-110.07,44.41,Mountain,11801,827,1999,5,3
-122.55,44.4,Coastal,30520,1500,-1280,9,4
-74.28,44.4,Conifer/Hardwood,6499,-905.335022,-3501,1,5
-74.28,44.4,Conifer/Hardwood,6499,-905.335022,-3501,1,5
-110.6,44.4,Mountain,10787,1635,708,4,4
-110.07,44.4,Mountain,11497,832,1697,5,3
-122.8,44.3833,Coastal,29480,-1353,520,4,-9999
-122.5,44.3833,Coastal,30520,604,-520,2,3
-122.25,44.3833,Coastal,30000,580,520,4,4
-73.5897,44.3853, ,13412,878.6090088,2661,10,5
-73.5825,44.3869, ,-9999,1168.219971,-9999,-9999,6
-69.62,44.38,Deciduous,6499,1209.25,-3501,1,-9999
-70.65,44.38,Deciduous,11864,785.3049927,1352,5,-9999
-74.3,44.38,Conifer/Hardwood,10594,712.0020142,1237,5,3
-110.06,44.38,Mountain,11853,862,2041,10,3
-124.0333,44.3667,Coastal,30000,576,1280,5,4
-68.25,44.367,Deciduous,-9999,-9999,-9999,-9999,-9999
-68.25,44.367,Deciduous,-9999,-9999,-9999,-9999,-9999
-74.3033,44.3608, ,-9999,700.5369873,-9999,-9999,3
-110.05,44.36,Mountain,11853,905,2043,10,3
-122.2614,44.3583,Coastal,31280,871,1280,5,4
-74.3,44.3569, ,-9999,-9999,-9999,-9999,5
-74.2975,44.3522, ,9865,1997.619995,630,4,5
-74.3,44.3522, ,10163,1381.140015,762,4,5
-88.861,44.349,Prairies,-9999,-9999,-9999,-9999,5
-74.3008,44.3458, ,-9999,-9999,-9999,-9999,5
-74.3139,44.3467, ,10440,-22.5317001,705,4,7
-74.3433,44.3411, ,10598,-208.7850037,1037,5,-9999
-74.3411,44.3411, ,10598,-282.4819946,1009,5,-9999
-78.333,44.333,Deciduous,6499,-1742,-3501,1,-9999
-106.733,44.333,Prairies,9886,1216,-36,3,1
-103.717,44.333,Prairies,13500,948,2460,10,3
-73.9,44.33,Conifer/Hardwood,-9999,-9999,-9999,-9999,3
-74.3356,44.3283, ,8554,368.2869873,-962,2,5
-74.38,44.32,Deciduous,10597,781.9899902,1083,5,3
-74.37,44.32,Deciduous,10598,674.5250244,1030,5,3
-74.3375,44.3233, ,-9999,730.4359741,-9999,-9999,5
-74.3842,44.3136, ,-9999,865.7109985,-9999,-9999,3
-74.3825,44.3158, ,10241,815.0130005,929,4,3
-74.3681,44.3186, ,10598,639.8140259,1019,5,3
-106.933,44.317,Prairies,11853,810,1718,5,7
-85.333,44.317,Conifer/Hardwood,-9999,-9999,-9999,-9999,1
-74.371,44.309,Deciduous,-9999,369.7189941,-9999,-9999,1
-74.3681,44.3122, ,10100,717.492981,772,4,5
-74.3708,44.3097, ,9985,369.7189941,717,4,1
-74.3964,44.3019, ,-9999,-128.598999,-9999,-9999,5
-74.3575,44.3056, ,-9999,-508.3150024,-9999,-9999,-9999
-110.6,44.3,Mountain,10077,553,25,3,-9999
-110.261,44.299,Mountain,11831,1161,1584,5,-9999
-110.23,44.3,Mountain,-9999,-9999,-9999,-9999,3
-110.23,44.3,Mountain,-9999,-9999,-9999,-9999,3
-110.23,44.3,Mountain,-9999,-9999,-9999,-9999,3
-104.917,44.3,Prairies,9199,1031,-504,2,1
-74.3542,44.2917, ,10166,97.3133011,656,4,-9999
-107.011,44.294,Prairies,10198,639,359,3,1
-110.25,44.29,Mountain,10526,512,429,3,7
-69.87,44.28,Deciduous,10285,544.2620239,568,4,5
-87.73,44.28,Prairies,6499,-201,-3501,1,-9999
-74.15,44.27,Conifer/Hardwood,10592,746.8610229,1321,5,3
-103.92,44.27,Prairies,11574,1698,1580,5,4
-121.75,44.2667,Coastal,30000,563,1280,5,4
-121.0833,44.2667,Mountain,28720,151,520,4,4
-71.317,44.267,Deciduous,10520,1658.589966,1452,5,4
-71.317,44.267,Deciduous,10520,1658.589966,1452,5,4
-71.317,44.267,Deciduous,10520,1658.589966,1452,5,4
-74.3944,44.2639, ,-9999,1358.719971,-9999,-9999,4
-105.167,44.267,Prairies,8181,-4,-1351,9,-9999
-69.53,44.25,Deciduous,6499,650.0029907,-3501,1,-9999
-121.4,44.25,Coastal,29480,31,1280,5,3
-71.251,44.247,Deciduous,11115,1010.409973,1248,5,6
-74.15,44.25,Conifer/Hardwood,10094,830.4000244,1313,5,3
-121.6167,44.2333,Coastal,29480,435,-520,2,4
-121.5,44.2333,Coastal,29480,217,-520,2,4
-121.1667,44.2333,Coastal,28720,-435,0,3,3
-118.7725,44.2369,Mountain,31280,1500,1280,5,4
-70.03,44.23,Deciduous,9652,1075.26001,-329,3,-9999
-70.23,44.2,Deciduous,9273,1121.050049,-518,2,-9999
-70.62,44.2,Deciduous,10891,1600.300049,1147,5,4
-78.13,44.2,Deciduous,-9999,-9999,-9999,-9999,5
-73.968,44.181,Conifer/Hardwood,-9999,643.3619995,-9999,-9999,3
-73.968,44.181,Conifer/Hardwood,-9999,643.3619995,-9999,-9999,3
-74.3,44.18,Deciduous,11454,1197.890015,1948,5,4
-107.26,44.179,Mountain,10787,624,829,4,4
-79.77,44.17,Deciduous,9538,-649,-665,2,-9999
-107.25,44.167,Mountain,10433,1500,431,3,-9999
-107.133,44.167,Prairies,9488,1441,-420,3,-9999
-71.6593,44.1605,Deciduous,-9999,1853.319946,-9999,-9999,4
-74.97,44.15,Deciduous,10168,2173.040039,751,4,7
-110.233,44.15,Mountain,9488,1133,-296,3,4
-110.15,44.15,Mountain,11486,851,1467,5,3
-73.7406,44.1433,Conifer/Hardwood,-9999,822.6359863,-9999,-9999,3
-74.054,44.146,Deciduous,11997,810.4539795,2480,10,3
-73.7478,44.1392,Conifer/Hardwood,-9999,-9999,-9999,-9999,4
-73.9657,44.1341,Deciduous,-9999,790.4920044,-9999,-9999,3
-73.9443,44.1309,Conifer/Hardwood,11023,773.9140015,1904,5,3
-70.1,44.13,Deciduous,-9999,-9999,-9999,-9999,-9999
-74.43,44.13,Deciduous,6499,-188.7149963,-3501,1,3
-74.48,44.13,Deciduous,6499,517.2789917,-3501,1,7
-111.183,44.125,Mountain,9488,2611,-395,3,4
-73.73,44.12,Conifer/Hardwood,12709,1650.98999,2205,10,4
-73.98,44.12,Deciduous,13200,822.7059937,3139,10,3
-73.98,44.12,Deciduous,13200,822.7059937,3139,10,3
-110.62,44.12,Mountain,10077,1273,201,3,4
-110.6,44.11,Mountain,11618,1224,1778,5,4
-110.62,44.11,Mountain,10787,1289,886,4,4
-73.6417,44.1025, ,11872,2126.02002,1429,5,4
-73.9358,44.1069,Deciduous,12303,1035.98999,2490,10,4
-102.8412,44.106, ,11250,251,572,4,-9999
-69.67,44.1,Deciduous,10602,865.2479858,814,4,4
-121.6219,44.1014,Coastal,31280,1622,1280,5,-9999
-73.6356,44.1011, ,13102,641.0289917,1960,5,3
-73.5856,44.0986, ,-9999,2831.949951,-9999,-9999,4
-74.87,44.1,Deciduous,12434,925.3430176,2474,10,3
-74.85,44.1,Deciduous,12454,1991.550049,2507,10,4
-110.07,44.1,Mountain,11497,671,1518,5,1
-124.1169,44.0925,Coastal,-9999,-116,-9999,-9999,-9999
-73.8263,44.0959,Conifer/Hardwood,11119,787.1760254,1889,5,3
-121.1286,44.0853,Mountain,28720,1238,520,4,-9999
-110.25,44.09,Mountain,12088,1500,2273,10,4
-74.52,44.08,Deciduous,6499,-1015.580017,-3501,1,1
-73.6503,44.0789, ,10511,1297.910034,679,4,7
-72.58,44.07,Deciduous,10609,717.8569946,513,4,7
-73.6311,44.0661, ,-9999,918.585022,-9999,-9999,4
-110.3,44.067,Mountain,11141,1103,1341,5,4
-81.46,44.06,Deciduous,9776,-1068,-461,3,-9999
-87.7305,44.0534,Prairies,-9999,762,-9999,-9999,-9999
-74.95,44.05,Deciduous,13500,873.5089722,3500,10,3
-110.1,44.05,Mountain,10496,748,653,4,3
-73.6833,44.0392, ,-9999,681.2219849,-9999,-9999,6
-121.7567,44.0339,Coastal,31280,706,1280,5,3
-77.083,44.036,Deciduous,9608,838,-173,3,6
-70.35,44.033,Deciduous,10835,-240.3049927,808,4,-9999
-71.833,44.033,Deciduous,10717,1546.02002,1510,5,4
-73.6,44.03,Conifer/Hardwood,10840,1767.780029,1255,5,4
-74.25,44.03,Deciduous,9913,1044.930054,810,4,5
-74.22,44.03,Deciduous,10594,866.8369751,1247,5,4
-73.6486,44.0228, ,10642,1116.050049,1168,5,4
-73.6411,44.0183, ,-9999,1168.339966,-9999,-9999,4
-84.183,44,Conifer/Hardwood,10887,673,937,4,6
-73.675,43.9861, ,12579,1597.689941,2109,10,4
-73.6333,43.9869, ,11677,729.3029785,2041,10,3
-83.167,43.983,Conifer/Hardwood,6499,-503,-3501,1,-9999
-70.35,43.98,Deciduous,-9999,-9999,-9999,-9999,-9999
-74.23,43.98,Deciduous,10601,854.367981,867,4,4
-74.45,43.98,Deciduous,10603,-565.9910278,769,4,-9999
-70.35,43.967,Deciduous,10683,-872.5449829,396,3,-9999
-74.13,43.97,Deciduous,-9999,765.0230103,-9999,-9999,-9999
-110.4333,43.9667,-99,8307,1212,-1464,9,4
-74.9583,43.9569, ,-9999,-9999,-9999,-9999,3
-110.233,43.933,Mountain,12443,948,2603,10,3
-69.41,43.921,Deciduous,-9999,-9999,-9999,-9999,-9999
-73.7,43.92,Deciduous,13165,935.3709717,2434,10,3
-119.6294,43.8936,Mountain,30520,-1332,0,3,-9999
-74.17,43.87,Deciduous,10592,1149.48999,1365,5,4
-75.0417,43.85, ,-9999,-9999,-9999,-9999,3
-85.833,43.85,Conifer/Hardwood,6499,-195,-3501,1,1
-87.87,43.85,Prairies,8957,-632,-982,2,-9999
-73.6,43.83,Deciduous,13500,2415.830078,3188,10,4
-73.7,43.83,Deciduous,12160,1856.979981,2105,10,4
-74.12,43.83,Deciduous,12125,2285.149902,2123,10,4
-74.17,43.83,Deciduous,11076,1152.619995,1686,5,4
-121.8925,43.8239,Coastal,31280,1456,1280,5,4
-79.1,43.82,-99,6499,-695,-3501,1,-9999
-121.9619,43.8108,Coastal,29480,417,1280,5,-9999
-121.8478,43.7994,Coastal,30520,659,520,4,2
-108.117,43.8,Mountain,11571,1585,1612,5,4
-122.036,43.7882,-99,29480,1962,1280,5,-9999
-124.1167,43.7833,Coastal,31280,829,1280,5,-9999
-69.3,43.767,Deciduous,-9999,-9999,-9999,-9999,-9999
-110.317,43.767,Mountain,12799,1500,2976,10,4
-74.017,43.75,Deciduous,10597,-9999,1094,5,4
-110.6,43.75,Mountain,10787,857,585,4,-9999
-83.933,43.733,-99,-9999,-9999,-9999,-9999,-9999
-104.18,43.73,Prairies,12127,545,1546,5,3
-122.0333,43.6983,Coastal,30520,808,520,4,-9999
-105.3781,43.6913, ,11030,-501,448,3,-9999
-85.4,43.683,Conifer/Hardwood,6499,-666,-3501,1,-9999
-122.0269,43.6778,Coastal,30520,737,1280,5,-9999
-122.042,43.65,Coastal,30520,1426,1280,5,4
-122.0417,43.65,Coastal,30520,1426,1280,5,4
-73.73,43.65,Deciduous,10714,2455.73999,742,4,4
-122.0517,43.6206,Coastal,29480,1249,520,4,-9999
-74.67,43.62,Deciduous,12595,2605.850098,2686,10,4
-123.8439,43.5958,Coastal,31280,634,1280,5,3
-73.7739,43.5744, ,10601,2358.25,866,4,4
-73.82,43.55,Deciduous,10604,1291.849976,753,4,7
-73.97,43.55,Deciduous,11454,1528.839966,1523,5,4
-124.2164,43.5244,Coastal,6499,-1348,-3501,1,-9999
-112.67,43.5,Mountain,30520,59,520,4,3
-112.67,43.5,Mountain,30520,59,520,4,3
-112.67,43.5,Mountain,30520,59,520,4,3
-105.45,43.5,Prairies,8822,-1024,-1138,9,-9999
-109.939,43.472,Mountain,10787,554,874,4,1
-109.959,43.468,Mountain,10433,557,552,4,4
-108.183,43.467,Mountain,11431,671,-3503,7,-9999
-84.833,43.467,Conifer/Hardwood,10658,-57,802,4,-9999
-109.92,43.459,Mountain,11376,888,1460,5,4
-109.941,43.45,Mountain,10667,1500,820,4,4
-74.0611,43.4417, ,-9999,-9999,-9999,-9999,4
-109.95,43.439,Mountain,11376,525,1548,5,1
-74.5,43.433,Deciduous,11030,1525.050049,1122,5,5
-80.27,43.42,Deciduous,-9999,-9999,-9999,-9999,-9999
-80.13,43.42,Deciduous,10816,5,589,4,-9999
-122.1147,43.4119,Coastal,30520,-9999,1280,5,-9999
-74.3,43.38,Deciduous,10166,1716.439941,671,4,7
-108.117,43.367,Mountain,9558,-1108,-417,3,-9999
-74.7139,43.3467, ,-9999,-9999,-9999,-9999,3
-75.85,43.33,Deciduous,10032,1546.400024,669,4,4
-104.27,43.33,Prairies,9320,862,-233,3,4
-80.33,43.29,Deciduous,11213,-1282,266,3,-9999
-80.38,43.28,Deciduous,11214,383,649,4,-9999
-73.0069,43.2753,Deciduous,-9999,844.8599854,-9999,-9999,7
-74.5306,43.2583, ,-9999,1237.339966,-9999,-9999,6
-80.3,43.26,Deciduous,11927,821,1057,5,-9999
-84.833,43.167,Deciduous,10279,-1266,-227,3,-9999
-99.8981,43.1706, ,-9999,-9999,-9999,-9999,5
-103.42,43.15,Prairies,8839,775,264,3,4
-122.1561,43.1292,Coastal,31280,1067,520,4,3
-76.767,43.083,Deciduous,12652,-828.4710083,440,3,-9999
-100.6958,43.0422, ,-9999,-9999,-3503,7,-9999
-72.15,43.02,Deciduous,9566,-773.1879883,-274,3,-9999
-116,43,Mountain,29480,-395,0,3,3
-116,43,Mountain,29480,-395,0,3,3
-116,43,Mountain,29480,-395,0,3,3
-108.5,42.95,Mountain,11467,1483,-3503,7,7
-118.3433,42.9172,Mountain,30520,226,0,3,-9999
-101.6758,42.9128, ,12095,1500,1662,5,4
-89.25,42.883,Prairies,9559,-1072,-423,3,-9999
-102,42.83,Prairies,10383,1012,848,4,4
-121.0294,42.7619,Coastal,30000,-1278,520,4,3
-118.45,42.7653,Mountain,31280,-35,1280,5,-9999
-124.5149,42.7594,Coastal,31280,-1535,-520,2,-9999
-104.33,42.75,Prairies,8744,358,-549,2,-9999
-103.83,42.75,Prairies,11546,1583,1377,5,4
-118.6492,42.7375,Mountain,29480,159,0,3,-9999
-124.0061,42.6975,Coastal,29480,1714,0,3,4
-73.53,42.7,Deciduous,10317,1812.979981,529,4,6
-120.7353,42.6925,Mountain,31280,805,520,4,3
-104.32,42.68,Prairies,9346,446,-84,3,6
-122.2339,42.6581,Coastal,31280,920,1280,5,4
-120.1489,42.6597,Mountain,28720,321,520,4,-9999
-122.2519,42.6517,Coastal,31280,1899,1280,5,4
-73.05,42.65,Deciduous,10167,1021.75,630,4,7
-122.1247,42.64,Coastal,31280,1500,520,4,4
-73.567,42.6,Deciduous,11116,23.8913002,842,4,-9999
-75.4404,42.582,Deciduous,-9999,-9999,-9999,-9999,-9999
-120.755,42.5622,Mountain,29480,367,0,3,-9999
-108.717,42.55,Mountain,10724,2696,647,4,6
-72.33,42.5,Deciduous,10014,-663.6489868,-110,3,-9999
-108.867,42.45,Mountain,11251,515,1261,5,1
-122.2439,42.4444,Coastal,31280,665,520,4,4
-121.9917,42.445,Coastal,-9999,-9999,-9999,-9999,-9999
-71.33,42.43,Deciduous,10261,-461.144989,101,3,-9999
-120.1606,42.4211,Mountain,29480,235,-520,2,-9999
-121.9355,42.3978,Coastal,-9999,-9999,-9999,-9999,-9999
-121.8771,42.3893,Coastal,-9999,-9999,-9999,-9999,-9999
-73.3188,42.3351,Deciduous,-9999,-9999,-9999,-9999,-9999
-113.67,42.33,Mountain,30000,2091,0,3,4
-113.67,42.33,Mountain,30000,2091,0,3,4
-113.67,42.33,Mountain,30000,2091,0,3,4
-113.67,42.33,Mountain,30000,2091,0,3,4
-113.67,42.33,Mountain,30000,2091,0,3,4
-113.67,42.33,Mountain,30000,2091,0,3,4
-113.67,42.33,Mountain,30000,2091,0,3,4
-113.67,42.33,Mountain,30000,2091,0,3,4
-113.67,42.33,Mountain,30000,2091,0,3,4
-113.67,42.33,Mountain,30000,2091,0,3,4
-113.67,42.33,Mountain,30000,2091,0,3,4
-113.67,42.33,Mountain,30000,2091,0,3,4
-113.67,42.33,Mountain,30000,2091,0,3,4
-113.67,42.33,Mountain,30000,2091,0,3,4
-113.67,42.33,Mountain,30000,2091,0,3,4
-113.67,42.33,Mountain,30000,2091,0,3,4
-113.67,42.33,Mountain,30000,2091,0,3,4
-113.67,42.33,Mountain,30000,2091,0,3,4
-113.67,42.33,Mountain,30000,2091,0,3,4
-113.67,42.33,Mountain,30000,2091,0,3,4
-113.67,42.33,Mountain,30000,2091,0,3,4
-113.67,42.33,Mountain,30000,2091,0,3,4
-113.67,42.33,Mountain,30000,2091,0,3,4
-113.67,42.33,Mountain,30000,2091,0,3,4
-113.67,42.33,Mountain,30000,2091,0,3,4
-113.67,42.33,Mountain,30000,2091,0,3,4
-113.67,42.33,Mountain,30000,2091,0,3,4
-113.67,42.33,Mountain,30000,2091,0,3,4
-113.67,42.33,Mountain,30000,2091,0,3,4
-113.67,42.33,Mountain,30000,2091,0,3,4
-113.67,42.33,Mountain,30000,2091,0,3,4
-113.67,42.33,Mountain,30000,2091,0,3,4
-113.67,42.33,Mountain,30000,2091,0,3,4
-113.67,42.33,Mountain,30000,2091,0,3,4
-113.67,42.33,Mountain,30000,2091,0,3,4
-112,42.33,Mountain,10787,-775,-1316,9,-9999
-112,42.33,Mountain,10787,-775,-1316,9,-9999
-112,42.33,Mountain,10787,-775,-1316,9,-9999
-112,42.33,Mountain,10787,-775,-1316,9,-9999
-112,42.33,Mountain,10787,-775,-1316,9,-9999
-112,42.33,Mountain,10787,-775,-1316,9,-9999
-121.9017,42.3183,Coastal,-9999,-9999,-9999,-9999,-9999
-109.517,42.317,Mountain,10929,410,995,4,-9999
-120.9536,42.3117,Mountain,31280,734,520,4,3
-109.55,42.3,Mountain,8916,379,-890,2,1
-109.033,42.3,Mountain,9237,684,-641,2,-9999
-104.32,42.3,Prairies,9955,1125,351,3,3
-120.6403,42.2833,Mountain,30520,1290,0,3,-9999
-73.1495,42.2843,Deciduous,-9999,-9999,-9999,-9999,-9999
-119.8806,42.2053,Mountain,29480,-9999,0,3,-9999
-74.05,42.2,Deciduous,6499,-446.9379883,-3501,1,-9999
-74.033,42.2,Deciduous,6499,-982.7550049,-3501,1,6
-123.9844,42.1872,Coastal,31280,589,1280,5,2
-123.3714,42.0886,Coastal,31280,405,1280,5,2
-123.3033,42.065,Coastal,31280,345,1280,5,2
-74.3852,42.0334,Deciduous,11399,1876.459961,1988,5,4
-74.3744,42.0338,Deciduous,11987,1088.069946,2358,10,6
-74.6036,42.0275,Deciduous,-9999,-9999,-9999,-9999,4
-123.4594,42.0222,Coastal,31280,332,1280,5,-9999
-93.27,42.02,Prairies,10534,-1150,546,4,-9999
-75.45,42.017,Deciduous,11033,2553.01001,706,4,7
-123.4055,42.0104,-99,31280,339,1280,5,2
-123.4159,42.0086,-99,31280,338,1280,5,2
-74.3679,42.0021,Deciduous,11454,1531.050049,1921,5,4
-74.3846,41.999,Deciduous,10802,1511.630005,1617,5,4
-120.2097,41.9758,-99,31280,721,1280,5,4
-123.3003,41.9697,-99,30000,391,1280,5,2
-74.767,41.933,Deciduous,10483,914.6240234,848,4,4
-123.6454,41.9226,-99,30520,513,520,4,2
-123.6461,41.9017,-99,31280,568,1280,5,-9999
-75.333,41.9,Deciduous,6499,732.1669922,-3501,1,7
-123.6197,41.8486,-99,31280,554,1280,5,2
-123.6878,41.8147,-99,31280,680,1280,5,2
-123.6704,41.8077,-99,31280,594,1280,5,2
-123.671,41.8045,-99,31280,589,1280,5,2
-124.2,41.8,Coastal,-9999,1125,-9999,-9999,-9999
-71.433,41.783,Deciduous,6499,-1645.890015,-3501,1,-9999
-123.6961,41.7594,-99,31280,566,1280,5,2
-123.58,41.7014,-99,31280,553,1280,5,2
-123.5853,41.6947,-99,31280,553,1280,5,2
-123.8481,41.675,-99,30520,574,520,4,2
-123.7033,41.616,-99,30520,690,1280,5,2
-123.2092,41.6125,-99,31280,539,1280,5,-9999
-123.7192,41.5978,-99,30000,576,520,4,2
-123.1119,41.57,-99,31280,575,1280,5,-9999
-123.3092,41.5658,-99,31280,785,1280,5,3
-123.3278,41.5617,-99,31280,1112,1280,5,3
-123.1319,41.5622,-99,31280,1230,1280,5,3
-123.2642,41.5589,-99,31280,531,1280,5,-9999
-123.3633,41.55,-99,30520,695,1280,5,2
-123.1786,41.5525,-99,31280,550,1280,5,2
-123.3208,41.5472,-99,31280,532,1280,5,2
-123.2231,41.5464,-99,31280,551,1280,5,-9999
-123.1275,41.5353,-99,31280,545,1280,5,2
-123.3167,41.5297,-99,31280,535,1280,5,2
-71.45,41.517,Deciduous,6499,-734.5419922,-3501,1,-9999
-123.1289,41.5058,-99,31280,647,1280,5,3
-77.0289,41.4839,Deciduous,-9999,1045.439941,-9999,-9999,4
-123.2078,41.415,-99,31280,686,1280,5,3
-123.2186,41.4119,-99,31280,528,520,4,2
-120.2236,41.3867,-99,31280,275,1280,5,3
-123.7481,41.3786,-99,29480,1224,0,3,4
-104.38,41.38,Desert,9463,1037,-210,3,-9999
-122.5613,41.371,-99,30000,863,1280,5,3
-122.9681,41.3447,-99,31280,627,1280,5,3
-122.5575,41.3467,-99,31280,1509,1280,5,4
-122.9606,41.3422,-99,31280,637,1280,5,-9999
-122.6456,41.3361,-99,31280,1933,0,3,4
-122.5076,41.3205,-99,31280,997,1280,5,4
-122.9514,41.3078,-99,31280,591,1280,5,3
-122.9558,41.2989,-99,31280,574,1280,5,3
-122.9403,41.2969,-99,31280,1500,1280,5,3
-122.6875,41.2919,-99,30520,2655,520,4,4
-122.5067,41.2742,-99,31280,1112,1280,5,3
-115.5,41.25,Desert,11038,1670,1097,5,4
-115.5,41.25,Desert,11038,1670,1097,5,4
-115.5,41.25,Desert,11038,1670,1097,5,4
-115.5,41.25,Desert,11038,1670,1097,5,4
-115.5,41.25,Desert,11038,1670,1097,5,4
-115.5,41.25,Desert,11038,1670,1097,5,4
-115.5,41.25,Desert,11038,1670,1097,5,4
-115.5,41.25,Desert,11038,1670,1097,5,4
-115.5,41.25,Desert,11038,1670,1097,5,4
-115.5,41.25,Desert,11038,1670,1097,5,4
-115.5,41.25,Desert,11038,1670,1097,5,4
-115.5,41.25,Desert,11038,1670,1097,5,4
-115.5,41.25,Desert,11038,1670,1097,5,4
-115.5,41.25,Desert,11038,1670,1097,5,4
-115.5,41.25,Desert,11038,1670,1097,5,4
-115.5,41.25,Desert,11038,1670,1097,5,4
-122.7817,41.2247,-99,31280,442,1280,5,-9999
-122.7614,41.2225,-99,31280,905,1280,5,3
-122.4269,41.2144,-99,31280,325,1280,5,3
-122.9036,41.2094,-99,31280,484,1280,5,3
-122.5133,41.2089,-99,31280,1118,1280,5,4
-122.495,41.2072,-99,31280,1500,1280,5,3
-122.4306,41.2117,-99,31280,1196,1280,5,4
-122.9603,41.1936,-99,31280,774,1280,5,3
-122.51,41.1908,-99,31280,1238,520,4,4
-122.5036,41.1917,-99,31280,1241,1280,5,4
-75.75,41.18,Deciduous,6499,-1428.099976,-3501,1,-9999
-123.3747,41.1533,-99,30520,524,1280,5,3
-122.7544,41.1528,-99,-9999,431,-9999,5,-9999
-122.805,41.0494,-99,31280,798,1280,5,4
-122.7731,40.99,-99,30520,1922,1280,5,4
-104.78,40.97,Desert,10842,1408,853,4,4
-122.8567,40.9528,-99,31280,985,1280,5,3
-73.9,40.95,Deciduous,-9999,-9999,-9999,-9999,-9999
-76.37,40.83,Deciduous,10938,1369.390015,850,4,6
-77.5081,40.7918,Deciduous,8713,1209.98999,-839,2,5
-101.5,40.67,Prairies,10146,1856,306,3,-9999
-75.483,40.333,Deciduous,11421,655.34198,920,4,-9999
-105.542,40.083,Desert,11699,1393,1722,5,4
-75.833,40.067,Deciduous,9943,-664.7219849,-358,3,-9999
-107.051,40.024,Desert,12036,1342,2191,10,4
-77.55,39.967,Deciduous,8356,-1229.900024,-1542,9,-9999
-105.58,39.937,Desert,6499,603,-3501,4,-9999
-84.2153,39.8136, ,12235,-1220,1509,5,-9999
-78.55,39.767,Deciduous,10091,2962.149902,519,4,6
-103.2806,39.7427, ,12750,-690,1244,5,-9999
-74.5,39.717,Deciduous,10945,2267.219971,1190,5,-9999
-82.5806,39.4575, ,13500,1291.469971,2498,10,-9999
-84.0867,39.4075, ,11120,-72,1474,5,-9999
-84.0886,39.4064, ,11817,545,1842,5,5
-82.7625,39.3747, ,11047,1749.130005,1278,5,6
-82.9556,39.3739, ,6499,-1448.430054,-3501,1,-9999
-82.9661,39.2311, ,11529,-1066.630005,1313,5,5
-116.75,38.83,Desert,9127,176,-722,2,1
-116.75,38.83,Desert,9127,176,-722,2,1
-116.75,38.83,Desert,9127,176,-722,2,1
-116.75,38.83,Desert,9127,176,-722,2,1
-116.75,38.83,Desert,9127,176,-722,2,1
-116.75,38.83,Desert,9127,176,-722,2,1
-116.75,38.83,Desert,9127,176,-722,2,1
-116.75,38.83,Desert,9127,176,-722,2,1
-116.75,38.83,Desert,9127,176,-722,2,1
-116.75,38.83,Desert,9127,176,-722,2,1
-116.75,38.83,Desert,9127,176,-722,2,1
-116.75,38.83,Desert,9127,176,-722,2,1
-116.75,38.83,Desert,9127,176,-722,2,1
-116.75,38.83,Desert,9127,176,-722,2,1
-116.75,38.83,Desert,9127,176,-722,2,1
-116.75,38.83,Desert,9127,176,-722,2,1
-116.75,38.83,Desert,9127,176,-722,2,1
-116.75,38.83,Desert,9127,176,-722,2,1
-116.75,38.83,Desert,9127,176,-722,2,1
-116.75,38.83,Desert,9127,176,-722,2,1
-116.75,38.83,Desert,9127,176,-722,2,1
-116.75,38.83,Desert,9127,176,-722,2,1
-116.75,38.83,Desert,9127,176,-722,2,1
-116.75,38.83,Desert,9127,176,-722,2,1
-116.75,38.83,Desert,9127,176,-722,2,1
-116.75,38.83,Desert,9127,176,-722,2,1
-116.75,38.83,Desert,9127,176,-722,2,1
-116.75,38.83,Desert,9127,176,-722,2,1
-116.75,38.83,Desert,9127,176,-722,2,1
-116.75,38.83,Desert,9127,176,-722,2,1
-116.75,38.83,Desert,9127,176,-722,2,1
-116.75,38.83,Desert,9127,176,-722,2,1
-116.75,38.83,Desert,9127,176,-722,2,1
-116.75,38.83,Desert,9127,176,-722,2,1
-116.75,38.83,Desert,9127,176,-722,2,1
-116.75,38.83,Desert,9127,176,-722,2,1
-116.75,38.83,Desert,9127,176,-722,2,1
-116.75,38.83,Desert,9127,176,-722,2,1
-116.75,38.83,Desert,9127,176,-722,2,1
-116.75,38.83,Desert,9127,176,-722,2,1
-116.75,38.83,Desert,9127,176,-722,2,1
-116.75,38.83,Desert,9127,176,-722,2,1
-116.75,38.83,Desert,9127,176,-722,2,1
-116.75,38.83,Desert,9127,176,-722,2,1
-116.75,38.83,Desert,9127,176,-722,2,1
-116.75,38.83,Desert,9127,176,-722,2,1
-116.75,38.83,Desert,9127,176,-722,2,1
-116.75,38.83,Desert,9127,176,-722,2,1
-107.08,38.83,Desert,13018,995,3038,10,4
-107.08,38.83,Desert,13018,995,3038,10,4
-107.08,38.83,Desert,13018,995,3038,10,4
-107.08,38.83,Desert,13018,995,3038,10,4
-107.08,38.83,Desert,13018,995,3038,10,4
-107.08,38.83,Desert,13018,995,3038,10,4
-107.08,38.83,Desert,13018,995,3038,10,4
-107.08,38.83,Desert,13018,995,3038,10,4
-107.08,38.83,Desert,13018,995,3038,10,4
-107.08,38.83,Desert,13018,995,3038,10,4
-107.08,38.83,Desert,13018,995,3038,10,4
-107.08,38.83,Desert,13018,995,3038,10,4
-107.08,38.83,Desert,13018,995,3038,10,4
-120.25,38.75,Mountain,18720,1248,520,4,3
-120.25,38.75,Mountain,18720,1248,520,4,3
-120.25,38.75,Mountain,18720,1248,520,4,3
-120.25,38.75,Mountain,18720,1248,520,4,3
-120.25,38.75,Mountain,18720,1248,520,4,3
-120.25,38.75,Mountain,18720,1248,520,4,3
-120.25,38.75,Mountain,18720,1248,520,4,3
-120.25,38.75,Mountain,18720,1248,520,4,3
-120.25,38.75,Mountain,18720,1248,520,4,3
-120.25,38.75,Mountain,18720,1248,520,4,3
-120.25,38.75,Mountain,18720,1248,520,4,3
-83.1714,38.6972, ,-9999,850.0960083,-9999,-9999,4
-83.1036,38.6778, ,10302,123.7789993,63,3,-9999
-111.667,38.617,Desert,10857,1500,934,4,4
-77.467,38.533,Deciduous,-9999,-9999,-9999,-9999,-9999
-98.667,38.467,Prairies,-9999,-9999,-9999,-9999,6
-92.63,38.22,Deciduous,10765,605.5910034,633,4,7
-80.283,38.2,Deciduous,10502,1845.140015,959,4,4
-79.616,38.155,Deciduous,6499,692.2059937,-3501,1,-9999
-101.38,38.05,Prairies,8458,-1016,-1845,9,-9999
-119,38,Desert,-9999,-9999,-9999,-9999,-9999
-119,38,Desert,-9999,-9999,-9999,-9999,-9999
-119,38,Desert,-9999,-9999,-9999,-9999,-9999
-119,38,Desert,-9999,-9999,-9999,-9999,-9999
-119,38,Desert,-9999,-9999,-9999,-9999,-9999
-119,38,Desert,-9999,-9999,-9999,-9999,-9999
-79.067,38,Deciduous,9812,-650.2780151,22,3,-9999
-79.072,37.996,Deciduous,-9999,976.0300293,-9999,-9999,-9999
-78.997,37.985,Deciduous,-9999,960.7410278,-9999,-9999,-9999
-79,37.983,Deciduous,10402,608.0219727,630,4,-9999
-119.817,37.95,Mountain,20520,756,1280,5,5
-111.7,37.95,Desert,11124,1134,1308,5,4
-119.25,37.94,Mountain,21280,1265,520,4,3
-119.23,37.94,Mountain,-9999,-780,-9999,-9999,4
-119.18,37.94,Mountain,20000,743,-1280,9,3
-119.12,37.94,Mountain,20520,805,-1280,9,-9999
-119.3,37.93,Mountain,21280,268,1280,5,3
-119.28,37.92,Mountain,21280,213,1280,5,4
-119.28,37.92,Mountain,21280,213,1280,5,4
-119.258,37.908,Mountain,19480,662,-520,9,-9999
-119.27,37.91,Mountain,-9999,369,-9999,-9999,-9999
-119.27,37.91,Mountain,-9999,369,-9999,-9999,-9999
-119.533,37.9,Mountain,21280,212,1280,5,4
-119.51,37.9,Mountain,21280,212,1280,5,3
-119.51,37.9,Mountain,21280,212,1280,5,3
-119.37,37.87,Mountain,20520,1500,0,3,3
-119.44,37.86,Mountain,20000,237,0,3,3
-119.65,37.85,Mountain,20000,1430,-520,2,3
-119.65,37.85,Mountain,20000,1430,-520,2,3
-119.6667,37.85,-99,20520,2082,-520,2,-9999
-107.78,37.84,Desert,10828,150,920,4,1
-107.78,37.84,Desert,10828,150,920,4,1
-119.51,37.81,Mountain,19480,791,-520,2,5
-107.81,37.81,Desert,13347,101,3421,10,1
-107.61,37.81,Desert,10733,252,811,4,1
-119.72,37.8,Mountain,19480,528,520,4,3
-107.61,37.8,Desert,11476,218,1551,5,1
-119.78,37.75,Mountain,19480,1750,520,4,3
-119.25,37.75,Mountain,21280,253,1280,5,3
-119.25,37.75,Mountain,21280,253,1280,5,3
-119.25,37.75,Mountain,21280,253,1280,5,3
-119.25,37.75,Mountain,21280,253,1280,5,3
-119.25,37.75,Mountain,21280,253,1280,5,3
-119.25,37.75,Mountain,21280,253,1280,5,3
-119.25,37.75,Mountain,21280,253,1280,5,3
-119.25,37.75,Mountain,21280,253,1280,5,3
-119.25,37.75,Mountain,21280,253,1280,5,3
-119.25,37.75,Mountain,21280,253,1280,5,3
-119.25,37.75,Mountain,21280,253,1280,5,3
-119.25,37.75,Mountain,21280,253,1280,5,3
-119.25,37.75,Mountain,21280,253,1280,5,3
-119.25,37.75,Mountain,21280,253,1280,5,3
-119.25,37.75,Mountain,21280,253,1280,5,3
-119.25,37.75,Mountain,21280,253,1280,5,3
-107.684,37.746,Desert,-9999,193,-9999,-9999,1
-107.68,37.75,Desert,11699,-50,1691,5,1
-107.68,37.75,Desert,11699,-50,1691,5,1
-107.68,37.75,Desert,11699,-50,1691,5,1
-107.68,37.75,Desert,11699,-50,1691,5,1
-107.68,37.75,Desert,11699,-50,1691,5,1
-107.75,37.75,Desert,8917,658,-926,2,4
-119.75,37.74,Mountain,18720,1416,0,3,3
-107.7,37.74,Desert,11041,-791,1017,5,-9999
-107.698,37.738,Desert,11041,-786,1036,5,-9999
-119.72,37.73,Mountain,19480,-29,520,4,6
-107.7,37.73,Desert,11370,628,1389,5,7
-119.625,37.725,Mountain,21280,987,520,4,-9999
-107.7,37.72,Desert,12028,509,2044,10,1
-107.7,37.71,Desert,11473,178,1538,5,1
-107.7,37.71,Desert,11473,178,1538,5,1
-107.78,37.7,Desert,12132,132,2058,10,1
-107.77,37.7,Desert,12688,-161,2524,10,-9999
-105.5,37.7,Desert,11283,665,1463,5,1
-119.78,37.68,Mountain,20520,1500,-520,2,4
-107.78,37.68,Desert,10512,-963,471,3,-9999
-107.78,37.67,Desert,10073,276,107,3,1
-119.068,37.663,Mountain,20000,423,520,4,5
-119.08,37.66,Mountain,20520,1500,1280,5,6
-119.08,37.66,Mountain,20520,1500,1280,5,6
-119.05,37.66,Mountain,11258,-224,1127,5,-9999
-119.05,37.66,Mountain,11258,-224,1127,5,-9999
-119,37.65,Mountain,11033,-1715,735,4,4
-118.98,37.65,Mountain,6499,-2162,-3501,8,-9999
-107.78,37.65,Desert,10815,377,801,4,3
-107.81,37.65,Desert,12688,1500,2436,10,7
-107.81,37.65,Desert,12688,1500,2436,10,7
-107.81,37.65,Desert,12688,1500,2436,10,7
-107.81,37.65,Desert,12688,1500,2436,10,7
-107.81,37.65,Desert,12688,1500,2436,10,7
-119.08,37.63,Mountain,20000,1500,0,3,2
-81.1,37.617,Deciduous,7504,735.4949951,-2516,8,-9999
-119.02,37.61,Mountain,-9999,1088,520,4,-9999
-119.02,37.61,Mountain,-9999,1088,520,4,-9999
-107.808,37.613,Desert,-9999,-530,-9999,-9999,-9999
-119.008,37.596,Mountain,21280,798,1280,5,-9999
-107.81,37.55,Desert,11699,-451,1450,5,-9999
-105.5,37.55,Desert,10216,278,390,3,1
-118.64,37.54,Desert,11916,-1402,2357,10,-9999
-107.82,37.53,Desert,11144,658,932,4,7
-107.81,37.53,Desert,11370,720,1157,5,7
-107.75,37.5,Desert,9586,1123,-269,3,4
-107.75,37.5,Desert,9586,1123,-269,3,4
-107.75,37.5,Desert,9586,1123,-269,3,4
-107.75,37.5,Desert,9586,1123,-269,3,4
-107.75,37.5,Desert,9586,1123,-269,3,4
-105.5,37.5,Desert,9047,678,-896,2,-9999
-105.5,37.5,Desert,9047,678,-896,2,-9999
-105.5,37.5,Desert,9047,678,-896,2,-9999
-105.5,37.5,Desert,9047,678,-896,2,-9999
-105.5,37.5,Desert,9047,678,-896,2,-9999
-105.5,37.5,Desert,9047,678,-896,2,-9999
-105.5,37.5,Desert,9047,678,-896,2,-9999
-105.5,37.5,Desert,9047,678,-896,2,-9999
-107.8,37.483,Desert,13018,840,2655,10,6
-107.81,37.48,Desert,10815,-244,624,4,6
-108.504,37.474,Desert,6499,-1461,-3501,1,-9999
-108.221,37.469,Desert,12132,86,2075,10,1
-108.103,37.469,Desert,10157,107,319,3,1
-108.15,37.417,Desert,11144,234,1209,5,1
-107.77,37.42,Desert,12132,-275,1929,5,-9999
-80.5338,37.3602,Deciduous,-9999,-9999,-9999,-9999,5
-119.4,37.29,Mountain,20520,238,520,4,3
-119.13,37.27,Mountain,20000,1416,0,4,3
-119.2,37.22,Mountain,20000,1235,-520,2,-9999
-119.26,37.196,Mountain,21280,1500,520,4,4
-119.25,37.16,Mountain,19480,828,-520,2,3
-119.33,37.09,Mountain,20520,810,-1280,9,-9999
-119.37,37.06,Mountain,20000,891,520,4,5
-119.4,37.02,Mountain,20000,1500,520,3,-9999
-119.833,37,Mediterranian,18720,556,1280,5,3
-119.083,37,Mountain,20520,1442,520,4,3
-104,37,Prairies,10324,1199,1284,5,4
-104,37,Prairies,10324,1199,1284,5,4
-104,37,Prairies,10324,1199,1284,5,4
-104,37,Prairies,10324,1199,1284,5,4
-104,37,Prairies,10324,1199,1284,5,4
-104,37,Prairies,10324,1199,1284,5,4
-104,37,Prairies,10324,1199,1284,5,4
-104,37,Prairies,10324,1199,1284,5,4
-104,37,Prairies,10324,1199,1284,5,4
-104,37,Prairies,10324,1199,1284,5,4
-104,37,Prairies,10324,1199,1284,5,4
-104,37,Prairies,10324,1199,1284,5,4
-104,37,Prairies,10324,1199,1284,5,4
-111.63,36.87,Desert,10249,908,443,3,-9999
-80.05,36.78,Deciduous,-9999,-9999,-9999,-9999,1
-112.217,36.717,Desert,10891,11,786,4,-9999
-111.77,36.7,Desert,10891,222,940,4,1
-117.25,36.5,Desert,9874,332,-25,3,2
-117.25,36.5,Desert,9874,332,-25,3,2
-117.25,36.5,Desert,9874,332,-25,3,2
-117.25,36.5,Desert,9874,332,-25,3,2
-117.25,36.5,Desert,9874,332,-25,3,2
-117.25,36.5,Desert,9874,332,-25,3,2
-108.5,36.5,Desert,10647,626,-3503,7,-9999
-108.5,36.5,Desert,10647,626,-3503,7,-9999
-108.5,36.5,Desert,10647,626,-3503,7,-9999
-108.5,36.5,Desert,10647,626,-3503,7,-9999
-108.5,36.5,Desert,10647,626,-3503,7,-9999
-108.5,36.5,Desert,10647,626,-3503,7,-9999
-108.5,36.5,Desert,10647,626,-3503,7,-9999
-108.5,36.5,Desert,10647,626,-3503,7,-9999
-108.5,36.5,Desert,10647,626,-3503,7,-9999
-108.5,36.5,Desert,10647,626,-3503,7,-9999
-108.5,36.5,Desert,10647,626,-3503,7,-9999
-108.5,36.5,Desert,10647,626,-3503,7,-9999
-108.5,36.5,Desert,10647,626,-3503,7,-9999
-108.5,36.5,Desert,10647,626,-3503,7,-9999
-108.5,36.5,Desert,10647,626,-3503,7,-9999
-77.63,36.43,Deciduous,6499,-1898.030029,-3501,1,-9999
-111.86,36.29,Desert,11246,1500,1449,5,4
-109.2,36.29,Desert,10915,293,-3503,7,-9999
-109.29,36.28,Desert,9514,644,-3503,7,-9999
-109.31,36.28,Desert,11380,488,-3503,7,4
-109.34,36.28,Desert,9069,458,-3503,7,-9999
-109.07,36.28,Desert,12587,513,-3503,7,1
-109.08,36.27,Desert,12029,500,-3503,7,1
-115.5,36.25,Desert,10707,2566,991,4,-9999
-115.5,36.25,Desert,10707,2566,991,4,-9999
-112.25,36.25,Desert,10376,1311,549,4,4
-112.25,36.25,Desert,10376,1311,549,4,4
-112.25,36.25,Desert,10376,1311,549,4,4
-112.25,36.25,Desert,10376,1311,549,4,4
-112.25,36.25,Desert,10376,1311,549,4,4
-112.25,36.25,Desert,10376,1311,549,4,4
-112.25,36.25,Desert,10376,1311,549,4,4
-112.25,36.25,Desert,10376,1311,549,4,4
-109,36.25,Desert,11398,129,-3503,7,-9999
-109,36.25,Desert,11398,129,-3503,7,-9999
-109,36.25,Desert,11398,129,-3503,7,-9999
-109,36.25,Desert,11398,129,-3503,7,-9999
-109,36.25,Desert,11398,129,-3503,7,-9999
-109,36.25,Desert,11398,129,-3503,7,-9999
-109,36.25,Desert,11398,129,-3503,7,-9999
-109,36.25,Desert,11398,129,-3503,7,-9999
-109,36.25,Desert,11398,129,-3503,7,-9999
-109,36.25,Desert,11398,129,-3503,7,-9999
-109,36.25,Desert,11398,129,-3503,7,-9999
-109,36.25,Desert,11398,129,-3503,7,-9999
-109,36.25,Desert,11398,129,-3503,7,-9999
-109,36.25,Desert,11398,129,-3503,7,-9999
-109,36.25,Desert,11398,129,-3503,7,-9999
-109,36.25,Desert,11398,129,-3503,7,-9999
-109,36.25,Desert,11398,129,-3503,7,-9999
-109,36.25,Desert,11398,129,-3503,7,-9999
-109,36.25,Desert,11398,129,-3503,7,-9999
-109,36.25,Desert,11398,129,-3503,7,-9999
-109,36.25,Desert,11398,129,-3503,7,-9999
-109,36.25,Desert,11398,129,-3503,7,-9999
-109,36.25,Desert,11398,129,-3503,7,-9999
-109,36.25,Desert,11398,129,-3503,7,-9999
-109,36.25,Desert,11398,129,-3503,7,-9999
-109,36.25,Desert,11398,129,-3503,7,-9999
-109,36.25,Desert,11398,129,-3503,7,-9999
-109,36.25,Desert,11398,129,-3503,7,-9999
-109,36.25,Desert,11398,129,-3503,7,-9999
-109,36.25,Desert,11398,129,-3503,7,-9999
-109,36.25,Desert,11398,129,-3503,7,-9999
-109,36.25,Desert,11398,129,-3503,7,-9999
-109,36.25,Desert,11398,129,-3503,7,-9999
-109,36.25,Desert,11398,129,-3503,7,-9999
-109,36.25,Desert,11398,129,-3503,7,-9999
-109,36.25,Desert,11398,129,-3503,7,-9999
-109,36.25,Desert,11398,129,-3503,7,-9999
-109,36.25,Desert,11398,129,-3503,7,-9999
-109,36.25,Desert,11398,129,-3503,7,-9999
-109,36.25,Desert,11398,129,-3503,7,-9999
-109,36.25,Desert,11398,129,-3503,7,-9999
-109,36.25,Desert,11398,129,-3503,7,-9999
-109,36.25,Desert,11398,129,-3503,7,-9999
-109.38,36.23,Desert,9514,470,-3503,7,1
-84.1,36.23,Deciduous,11868,2046.609985,1192,5,-9999
-109.41,36.21,Desert,9758,705,-3503,7,-9999
-109.45,36.17,Desert,12359,481,-3503,7,-9999
-109.46,36.17,Desert,10734,700,-3503,7,1
-109.54,36.16,Desert,10891,1063,-3503,7,-9999
-80.17,36.11,Deciduous,6499,-843.2349854,-3501,1,-9999
-83.42,36.02,Deciduous,6499,-511.0660095,-3501,1,-9999
-108.833,36.006,Desert,10793,1296,-3503,7,4
-120,36,Mediterranian,18720,-816,-520,2,-9999
-120,36,Mediterranian,18720,-816,-520,2,-9999
-120,36,Mediterranian,18720,-816,-520,2,-9999
-120,36,Mediterranian,18720,-816,-520,2,-9999
-120,36,Mediterranian,18720,-816,-520,2,-9999
-120,36,Mediterranian,18720,-816,-520,2,-9999
-120,36,Mediterranian,18720,-816,-520,2,-9999
-120,36,Mediterranian,18720,-816,-520,2,-9999
-120,36,Mediterranian,18720,-816,-520,2,-9999
-120,36,Mediterranian,18720,-816,-520,2,-9999
-120,36,Mediterranian,18720,-816,-520,2,-9999
-120,36,Mediterranian,18720,-816,-520,2,-9999
-120,36,Mediterranian,18720,-816,-520,2,-9999
-120,36,Mediterranian,18720,-816,-520,2,-9999
-120,36,Mediterranian,18720,-816,-520,2,-9999
-120,36,Mediterranian,18720,-816,-520,2,-9999
-120,36,Mediterranian,18720,-816,-520,2,-9999
-105,36,Prairies,10364,123,1329,5,3
-105,36,Prairies,10364,123,1329,5,3
-105,36,Prairies,10364,123,1329,5,3
-105,36,Prairies,10364,123,1329,5,3
-105,36,Prairies,10364,123,1329,5,3
-105,36,Prairies,10364,123,1329,5,3
-105,36,Prairies,10364,123,1329,5,3
-105,36,Prairies,10364,123,1329,5,3
-104,36,Prairies,10552,429,1312,5,3
-104,36,Prairies,10552,429,1312,5,3
-104,36,Prairies,10552,429,1312,5,3
-103,36,Prairies,9127,763,-123,3,5
-108.811,35.982,Desert,10563,-9999,-3503,7,1
-108.8083,35.9689,-99,10842,460,-3503,7,1
-78.55,35.91,Deciduous,10277,1006.890015,-90,3,-9999
-106.25,35.75,Desert,11802,23,1951,5,4
-106.25,35.75,Desert,11802,23,1951,5,4
-106.25,35.75,Desert,11802,23,1951,5,4
-106.25,35.75,Desert,11802,23,1951,5,4
-106.25,35.75,Desert,11802,23,1951,5,4
-81.78,35.73,Deciduous,6499,-985.0280151,-3501,1,-9999
-81.47,35.72,Deciduous,6499,-802.9990234,-3501,1,-9999
-82.18,35.63,Deciduous,6499,-1300.300049,-3501,1,-9999
-76.946,35.6,Deciduous,7537,-186.1089935,-2197,8,-9999
-83.8,35.6,Deciduous,7957,-773.1090088,-1794,9,-9999
-83.4727,35.5944,Deciduous,11026,1724.23999,1462,5,6
-83.1815,35.5723,Deciduous,11264,-89.6925964,1468,5,5
-83.32,35.55,Deciduous,11278,1172.420044,1274,5,5
-107.5,35.5,Desert,10915,117,1095,5,1
-107.5,35.5,Desert,10915,117,1095,5,1
-107.5,35.5,Desert,10915,117,1095,5,1
-107.5,35.5,Desert,10915,117,1095,5,1
-107.5,35.5,Desert,10915,117,1095,5,1
-107.5,35.5,Desert,10915,117,1095,5,1
-107.5,35.5,Desert,10915,117,1095,5,1
-107.5,35.5,Desert,10915,117,1095,5,1
-107.5,35.5,Desert,10915,117,1095,5,1
-94.33,35.23,Deciduous,11454,1194,956,4,5
-92.72,35.18,Deciduous,8190,-632,-1700,9,-9999
-91.75,35.17,Deciduous,10415,1104,-74,3,-9999
-110,35,Desert,8580,567,-1383,9,1
-110,35,Desert,8580,567,-1383,9,1
-110,35,Desert,8580,567,-1383,9,1
-110,35,Desert,8580,567,-1383,9,1
-110,35,Desert,8580,567,-1383,9,1
-110,35,Desert,8580,567,-1383,9,1
-110,35,Desert,8580,567,-1383,9,1
-110,35,Desert,8580,567,-1383,9,1
-110,35,Desert,8580,567,-1383,9,1
-110,35,Desert,8580,567,-1383,9,1
-110,35,Desert,8580,567,-1383,9,1
-110,35,Desert,8580,567,-1383,9,1
-77.041,34.867,Deciduous,-9999,-9999,-9999,-9999,3
-76.85,34.73,Deciduous,8937,-399.1090088,-931,2,-9999
-94.07,34.73,Deciduous,10240,740.0310059,821,4,4
-78.6,34.68,Deciduous,10546,572.3449707,1215,5,5
-111.3453,34.4622,-99,-9999,1114,-9999,-9999,4
-110.833,34.333,Desert,10915,610,677,4,-9999
-116.9142,34.2814, ,20520,1505,0,4,3
-117.0061,34.2681, ,20520,817,520,4,6
-90.28,34.26,Deciduous,11271,-1253.479981,218,3,-9999
-109.83,34.25,Desert,9392,324,-599,2,-9999
-109.83,34.25,Desert,9392,324,-599,2,-9999
-109.83,34.25,Desert,9392,324,-599,2,-9999
-109.83,34.25,Desert,9392,324,-599,2,-9999
-109.83,34.25,Desert,9392,324,-599,2,-9999
-109.83,34.25,Desert,9392,324,-599,2,-9999
-109.83,34.25,Desert,9392,324,-599,2,-9999
-109.83,34.25,Desert,9392,324,-599,2,-9999
-109.83,34.25,Desert,9392,324,-599,2,-9999
-109.83,34.25,Desert,9392,324,-599,2,-9999
-109.83,34.25,Desert,9392,324,-599,2,-9999
-109.83,34.25,Desert,9392,324,-599,2,-9999
-117.0519,34.235, ,19480,1428,0,3,5
-116.7819,34.2028, ,20520,888,520,4,3
-116.7658,34.2011, ,20000,1668,520,4,5
-116.7178,34.1722, ,21280,633,0,3,5
-80.775,34.167,Deciduous,-9999,-9999,-9999,-9999,-9999
-116.7997,34.1483, ,21280,333,1280,5,6
-116.7997,34.1483, ,21280,333,1280,5,6
-116.7822,34.1247, ,21280,714,1280,5,5
-110,34,Desert,10776,2118,-3503,7,4
-110,34,Desert,10776,2118,-3503,7,4
-110,34,Desert,10776,2118,-3503,7,4
-110,34,Desert,10776,2118,-3503,7,4
-110,34,Desert,10776,2118,-3503,7,4
-110,34,Desert,10776,2118,-3503,7,4
-110,34,Desert,10776,2118,-3503,7,4
-110,34,Desert,10776,2118,-3503,7,4
-110,34,Desert,10776,2118,-3503,7,4
-110,34,Desert,10776,2118,-3503,7,4
-110,34,Desert,10776,2118,-3503,7,4
-110,34,Desert,10776,2118,-3503,7,4
-110,34,Desert,10776,2118,-3503,7,4
-110,34,Desert,10776,2118,-3503,7,4
-110,34,Desert,10776,2118,-3503,7,4
-110,34,Desert,10776,2118,-3503,7,4
-110,34,Desert,10776,2118,-3503,7,4
-110,34,Desert,10776,2118,-3503,7,4
-110,34,Desert,10776,2118,-3503,7,4
-110,34,Desert,10776,2118,-3503,7,4
-110,34,Desert,10776,2118,-3503,7,4
-110,34,Desert,10776,2118,-3503,7,4
-110,34,Desert,10776,2118,-3503,7,4
-110,34,Desert,10776,2118,-3503,7,4
-110,34,Desert,10776,2118,-3503,7,4
-110,34,Desert,10776,2118,-3503,7,4
-110,34,Desert,10776,2118,-3503,7,4
-110,34,Desert,10776,2118,-3503,7,4
-110,34,Desert,10776,2118,-3503,7,4
-110,34,Desert,10776,2118,-3503,7,4
-110,34,Desert,10776,2118,-3503,7,4
-110,34,Desert,10776,2118,-3503,7,4
-110,34,Desert,10776,2118,-3503,7,4
-110,34,Desert,10776,2118,-3503,7,4
-110,34,Desert,10776,2118,-3503,7,4
-110,34,Desert,10776,2118,-3503,7,4
-109.5,34,Desert,10842,715,832,4,-9999
-109.425,34,Desert,10432,218,485,3,1
-108,34,Desert,8556,295,-1333,9,-9999
-108,34,Desert,8556,295,-1333,9,-9999
-108,34,Desert,8556,295,-1333,9,-9999
-108,34,Desert,8556,295,-1333,9,-9999
-108,34,Desert,8556,295,-1333,9,-9999
-108.25,33.867,Desert,8834,298,-943,2,1
-116.6533,33.8067, ,20000,1782,1280,5,5
-116.6725,33.8006, ,20520,898,1280,5,5
-78.954,33.799,Deciduous,10720,226.5189972,1058,5,-9999
-116.6622,33.7692, ,20520,2132,1280,5,5
-116.6622,33.7692, ,20520,2132,1280,5,5
-108.3,33.7,Desert,8834,929,-1052,9,-9999
-117.858,33.658,Mountain,19480,-1964,520,4,-9999
-85.82,33.61,Deciduous,6499,-958.5529785,-3501,1,-9999
-81.82,33.55,Deciduous,6499,-560.1640015,-3501,1,-9999
-83.25,33.55,Deciduous,10397,-114.560997,343,3,-9999
-89.23,33.543,Deciduous,9203,-369.7059937,-591,2,-9999
-94.42,33.48,Deciduous,8506,-77,-1295,9,-9999
-82.68,33.46,Deciduous,9736,363.6329956,-170,3,1
-93.48,33.37,Deciduous,9191,1100,-792,2,-9999
-109.83,33.33,Desert,10776,2670,-3503,7,4
-79.95,33.06,Deciduous,-9999,-607.1729736,-1117,13,-9999
-91.63,33.01,Deciduous,10712,-849,-59,3,-9999
-116.5856,32.9672, ,20520,1500,520,4,3
-92.33,32.53,Deciduous,10122,995.322998,143,3,6
-94.37,32.49,Deciduous,6499,-1118,-3501,1,-9999
-93.167,32.467,Deciduous,10439,362,415,3,-9999
-111.25,32.33,Desert,9278,1364,-757,2,7
-110.75,32.33,Desert,11722,269,1542,5,-9999
-89.68,32.32,Deciduous,-9999,-9999,-9999,-9999,-9999
-90.87,32.3,Deciduous,6499,-807.5479736,-3501,1,-9999
-110,32.17,Desert,10102,249,648,4,1
-91.23,32.14,Deciduous,9306,-1238,-933,2,-9999
-111,32,Desert,9478,-366,-1319,9,-9999
-111,32,Desert,9478,-366,-1319,9,-9999
-111,32,Desert,9478,-366,-1319,9,-9999
-110.83,32,Desert,9873,-227,-73,3,-9999
-110.83,32,Desert,9873,-227,-73,3,-9999
-110.83,32,Desert,9873,-227,-73,3,-9999
-110.83,32,Desert,9873,-227,-73,3,-9999
-110.83,32,Desert,9873,-227,-73,3,-9999
-110.83,32,Desert,9873,-227,-73,3,-9999
-110.5,32,Desert,10338,1437,238,3,4
-110.5,32,Desert,10338,1437,238,3,4
-110,32,Desert,11249,1683,1222,5,4
-110,32,Desert,11249,1683,1222,5,4
-110,32,Desert,11249,1683,1222,5,4
-110,32,Desert,11249,1683,1222,5,4
-110,32,Desert,11249,1683,1222,5,4
-110,32,Desert,11249,1683,1222,5,4
-110,32,Desert,11249,1683,1222,5,4
-94.2,31.817,Prairies,8687,-636,-919,2,-9999
-85.88,31.79,Deciduous,11148,-597.5289917,877,7,-9999
-110.58,31.75,Desert,10338,1204,443,3,4
-91.2,31.55,Deciduous,6499,717.5720215,-3501,1,-9999
-93.57,31.51,Deciduous,8941,-48,-958,2,-9999
-109.75,31.5,Desert,8518,370,-1371,9,-9999
-109.75,31.5,Desert,8518,370,-1371,9,-9999
-109.75,31.5,Desert,8518,370,-1371,9,-9999
-109.75,31.5,Desert,8518,370,-1371,9,-9999
-89.6,31.29,Deciduous,10320,-315.0710144,258,3,-9999
-108.67,31.17,Desert,-9999,113,-9999,-9999,1
-88.77,31.1,Deciduous,6499,-813.3900146,-3501,1,-9999
-87.63,31.02,Deciduous,9260,794.552002,-666,2,-9999
-83.258,30.725,Deciduous,10003,-335.0230103,-118,3,-9999
-83.195,30.642,Deciduous,10225,312.2780151,254,3,-9999
-84.93,30.55,Deciduous,11544,1093.48999,1196,5,-9999
-90.42,30.47,Deciduous,6499,-651.1339722,-3501,1,-9999
-86.25,30.38,Deciduous,9739,1073.25,0,3,-9999
-97.12,30.35,Prairies,11671,918,1663,5,3
-97.126,30.352,Prairies,9050,93,291,3,4
-91.72,30.34,Deciduous,11767,-583,1981,5,-9999
-90.42,30.2,Deciduous,-9999,3107,761,13,-9999
-93.72,30.13,Deciduous,-9999,1337,349,6,8
-97.25,30.1,Prairies,10348,391,607,4,-9999
-94.28,29.93,Deciduous,10294,1500,4,3,-9999
-89.98,29.88,Deciduous,-9999,-35,769,13,-9999
-90.52,29.78,Deciduous,-9999,1500,1106,6,8
-91.03,29.67,Deciduous,-9999,78,951,6,8
-82,29.517,Deciduous,8569,-610.710022,-608,2,-9999
-81.87,29.3,Deciduous,-9999,-9999,-9999,-9999,5
-81.87,29.3,Deciduous,-9999,-9999,-9999,-9999,5
-81.867,29.3,Deciduous,-9999,-9999,-9999,-9999,5
-81.87,29.29,Deciduous,6499,-873.5380249,-3501,1,-9999
-81.35,27.206,Deciduous,-9999,-9999,-9999,-9999,-9999
-81.35,27.207,Deciduous,-9999,-9999,-9999,-9999,-9999
-80.381,26.387,Deciduous,9297,1609.949951,1082,5,4
-80.353,26.359,Deciduous,9329,2554.929932,830,4,4
-80.366,26.359,Deciduous,9453,2500.560059,947,4,4
-80.378,26.359,Deciduous,9325,2290.100098,925,4,4
-80.849,26.363,Deciduous,9661,397.9349976,752,4,1
-80.346,26.354,Deciduous,9329,2414.790039,823,4,4
-80.34,26.351,Deciduous,9336,2460.23999,797,4,4
-80.338,26.342,Deciduous,9474,2359.929932,909,4,4
-80.337,26.341,Deciduous,9476,2359.929932,906,4,4
-80.378,26.334,Deciduous,9487,2140.189941,1195,5,4
-80.304,26.331,Deciduous,9556,2321.419922,458,3,-9999
-80.369,26.325,Deciduous,9317,2061.27002,1186,5,4
-80.314,26.314,Deciduous,9469,1827.189941,578,4,4
-80.373,26.313,Deciduous,9474,1959.050049,1644,5,4
-80.315,26.307,Deciduous,9458,1680.310059,596,4,4
-80.343,26.311,Deciduous,9499,1874.719971,1060,5,4
-80.307,26.282,Deciduous,9551,1207.900024,495,3,-9999
-80.531,26.189,Deciduous,9322,1676.209961,1026,5,4
-80.523,26.19,Deciduous,9489,1726.780029,1102,5,4
-80.609,26.17,Deciduous,9357,1264.540039,760,4,4
-80.485,25.869,Deciduous,9844,-1534.310059,609,4,-9999
-80.767,25.65,NA,-9999,1074.329956,1180,6,8
-81.017,25.653,NA,-9999,1101.109985,1576,6,8
-80.733,25.631,NA,-9999,1201.23999,1228,6,8
-80.7,25.611,NA,-9999,1305.73999,1074,6,8
-80.767,25.583,NA,-9999,1184.369995,1576,6,8
-80.8,25.528,NA,-9999,1197.170044,1576,6,8
-80.8,25.528,NA,-9999,1197.170044,1576,6,8
-80.767,25.507,NA,-9999,1218.589966,1576,6,8
-80.767,25.507,NA,-9999,1218.589966,1576,6,8
-80.85,25.508,NA,-9999,1200.030029,1576,6,8
-80.883,25.461,NA,-9999,1234.01001,1576,12,-9999
-80.883,25.451,NA,-9999,1243,2211,12,-9999
-80.483,25.008,Deciduous,-9999,-9999,-9999,-9999,-9999